<Ui xmlns="http://www.blizzard.com/wow/ui/" xmlns:xsi="http://www.w3.org/2001/XMLSchema-instance"   xsi:schemaLocation="http://www.blizzard.com/wow/ui/"> 

<Frame name="GLOCK_graph" frameStrata="TOP" toplevel="true" enableMouse="true" movable="false" parent="GLOCK_frame" hidden="true">
	<Size><AbsDimension x="180" y="50"/></Size>
	<Anchors><Anchor point="TOP"><Offset><AbsDimension x="0" y="-110"/></Offset></Anchor></Anchors>

  <Backdrop bgFile="Interface\TutorialFrame\TutorialFrameBackground" edgeFile="Interface\DialogFrame\UI-DialogBox-Border" tile="true">
	<EdgeSize><AbsValue val="16"/></EdgeSize>
	<TileSize><AbsValue val="32"/></TileSize>
	<BackgroundInsets><AbsInset left="5" right="5" top="5" bottom="5"/></BackgroundInsets></Backdrop>

	<Layers>
	</Layers>


	<Frames>
	<Frame name="GG1" parent="GLOCK_graph" enableMouse="true" frameStrata="TOP"><Size><AbsDimension x="2" y="2"/></Size><Anchors><Anchor point="BOTTOMLEFT"/></Anchors><Layers><Layer level="ARTWORK"><Texture name="$parent_Background" setAllPoints="true"><Color r="1" g="1" b="1" a="1" /></Texture></Layer></Layers></Frame>
	<Frame name="GG2" parent="GLOCK_graph" enableMouse="true" frameStrata="TOP"><Size><AbsDimension x="2" y="2"/></Size><Anchors><Anchor point="BOTTOMLEFT"/></Anchors><Layers><Layer level="ARTWORK"><Texture name="$parent_Background" setAllPoints="true"><Color r="1" g="1" b="1" a="1" /></Texture></Layer></Layers></Frame>
	<Frame name="GG3" parent="GLOCK_graph" enableMouse="true" frameStrata="TOP"><Size><AbsDimension x="2" y="2"/></Size><Anchors><Anchor point="BOTTOMLEFT"/></Anchors><Layers><Layer level="ARTWORK"><Texture name="$parent_Background" setAllPoints="true"><Color r="1" g="1" b="1" a="1" /></Texture></Layer></Layers></Frame>
	<Frame name="GG4" parent="GLOCK_graph" enableMouse="true" frameStrata="TOP"><Size><AbsDimension x="2" y="2"/></Size><Anchors><Anchor point="BOTTOMLEFT"/></Anchors><Layers><Layer level="ARTWORK"><Texture name="$parent_Background" setAllPoints="true"><Color r="1" g="1" b="1" a="1" /></Texture></Layer></Layers></Frame>
	<Frame name="GG5" parent="GLOCK_graph" enableMouse="true" frameStrata="TOP"><Size><AbsDimension x="2" y="2"/></Size><Anchors><Anchor point="BOTTOMLEFT"/></Anchors><Layers><Layer level="ARTWORK"><Texture name="$parent_Background" setAllPoints="true"><Color r="1" g="1" b="1" a="1" /></Texture></Layer></Layers></Frame>
	<Frame name="GG6" parent="GLOCK_graph" enableMouse="true" frameStrata="TOP"><Size><AbsDimension x="2" y="2"/></Size><Anchors><Anchor point="BOTTOMLEFT"/></Anchors><Layers><Layer level="ARTWORK"><Texture name="$parent_Background" setAllPoints="true"><Color r="1" g="1" b="1" a="1" /></Texture></Layer></Layers></Frame>
	<Frame name="GG7" parent="GLOCK_graph" enableMouse="true" frameStrata="TOP"><Size><AbsDimension x="2" y="2"/></Size><Anchors><Anchor point="BOTTOMLEFT"/></Anchors><Layers><Layer level="ARTWORK"><Texture name="$parent_Background" setAllPoints="true"><Color r="1" g="1" b="1" a="1" /></Texture></Layer></Layers></Frame>
	<Frame name="GG8" parent="GLOCK_graph" enableMouse="true" frameStrata="TOP"><Size><AbsDimension x="2" y="2"/></Size><Anchors><Anchor point="BOTTOMLEFT"/></Anchors><Layers><Layer level="ARTWORK"><Texture name="$parent_Background" setAllPoints="true"><Color r="1" g="1" b="1" a="1" /></Texture></Layer></Layers></Frame>
	<Frame name="GG9" parent="GLOCK_graph" enableMouse="true" frameStrata="TOP"><Size><AbsDimension x="2" y="2"/></Size><Anchors><Anchor point="BOTTOMLEFT"/></Anchors><Layers><Layer level="ARTWORK"><Texture name="$parent_Background" setAllPoints="true"><Color r="1" g="1" b="1" a="1" /></Texture></Layer></Layers></Frame>
	<Frame name="GG10" parent="GLOCK_graph" enableMouse="true" frameStrata="TOP"><Size><AbsDimension x="2" y="2"/></Size><Anchors><Anchor point="BOTTOMLEFT"/></Anchors><Layers><Layer level="ARTWORK"><Texture name="$parent_Background" setAllPoints="true"><Color r="1" g="1" b="1" a="1" /></Texture></Layer></Layers></Frame>
	<Frame name="GG11" parent="GLOCK_graph" enableMouse="true" frameStrata="TOP"><Size><AbsDimension x="2" y="2"/></Size><Anchors><Anchor point="BOTTOMLEFT"/></Anchors><Layers><Layer level="ARTWORK"><Texture name="$parent_Background" setAllPoints="true"><Color r="1" g="1" b="1" a="1" /></Texture></Layer></Layers></Frame>
	<Frame name="GG12" parent="GLOCK_graph" enableMouse="true" frameStrata="TOP"><Size><AbsDimension x="2" y="2"/></Size><Anchors><Anchor point="BOTTOMLEFT"/></Anchors><Layers><Layer level="ARTWORK"><Texture name="$parent_Background" setAllPoints="true"><Color r="1" g="1" b="1" a="1" /></Texture></Layer></Layers></Frame>
	<Frame name="GG13" parent="GLOCK_graph" enableMouse="true" frameStrata="TOP"><Size><AbsDimension x="2" y="2"/></Size><Anchors><Anchor point="BOTTOMLEFT"/></Anchors><Layers><Layer level="ARTWORK"><Texture name="$parent_Background" setAllPoints="true"><Color r="1" g="1" b="1" a="1" /></Texture></Layer></Layers></Frame>
	<Frame name="GG14" parent="GLOCK_graph" enableMouse="true" frameStrata="TOP"><Size><AbsDimension x="2" y="2"/></Size><Anchors><Anchor point="BOTTOMLEFT"/></Anchors><Layers><Layer level="ARTWORK"><Texture name="$parent_Background" setAllPoints="true"><Color r="1" g="1" b="1" a="1" /></Texture></Layer></Layers></Frame>
	<Frame name="GG15" parent="GLOCK_graph" enableMouse="true" frameStrata="TOP"><Size><AbsDimension x="2" y="2"/></Size><Anchors><Anchor point="BOTTOMLEFT"/></Anchors><Layers><Layer level="ARTWORK"><Texture name="$parent_Background" setAllPoints="true"><Color r="1" g="1" b="1" a="1" /></Texture></Layer></Layers></Frame>
	<Frame name="GG16" parent="GLOCK_graph" enableMouse="true" frameStrata="TOP"><Size><AbsDimension x="2" y="2"/></Size><Anchors><Anchor point="BOTTOMLEFT"/></Anchors><Layers><Layer level="ARTWORK"><Texture name="$parent_Background" setAllPoints="true"><Color r="1" g="1" b="1" a="1" /></Texture></Layer></Layers></Frame>
	<Frame name="GG17" parent="GLOCK_graph" enableMouse="true" frameStrata="TOP"><Size><AbsDimension x="2" y="2"/></Size><Anchors><Anchor point="BOTTOMLEFT"/></Anchors><Layers><Layer level="ARTWORK"><Texture name="$parent_Background" setAllPoints="true"><Color r="1" g="1" b="1" a="1" /></Texture></Layer></Layers></Frame>
	<Frame name="GG18" parent="GLOCK_graph" enableMouse="true" frameStrata="TOP"><Size><AbsDimension x="2" y="2"/></Size><Anchors><Anchor point="BOTTOMLEFT"/></Anchors><Layers><Layer level="ARTWORK"><Texture name="$parent_Background" setAllPoints="true"><Color r="1" g="1" b="1" a="1" /></Texture></Layer></Layers></Frame>
	<Frame name="GG19" parent="GLOCK_graph" enableMouse="true" frameStrata="TOP"><Size><AbsDimension x="2" y="2"/></Size><Anchors><Anchor point="BOTTOMLEFT"/></Anchors><Layers><Layer level="ARTWORK"><Texture name="$parent_Background" setAllPoints="true"><Color r="1" g="1" b="1" a="1" /></Texture></Layer></Layers></Frame>
	<Frame name="GG20" parent="GLOCK_graph" enableMouse="true" frameStrata="TOP"><Size><AbsDimension x="2" y="2"/></Size><Anchors><Anchor point="BOTTOMLEFT"/></Anchors><Layers><Layer level="ARTWORK"><Texture name="$parent_Background" setAllPoints="true"><Color r="1" g="1" b="1" a="1" /></Texture></Layer></Layers></Frame>
	<Frame name="GG21" parent="GLOCK_graph" enableMouse="true" frameStrata="TOP"><Size><AbsDimension x="2" y="2"/></Size><Anchors><Anchor point="BOTTOMLEFT"/></Anchors><Layers><Layer level="ARTWORK"><Texture name="$parent_Background" setAllPoints="true"><Color r="1" g="1" b="1" a="1" /></Texture></Layer></Layers></Frame>
	<Frame name="GG22" parent="GLOCK_graph" enableMouse="true" frameStrata="TOP"><Size><AbsDimension x="2" y="2"/></Size><Anchors><Anchor point="BOTTOMLEFT"/></Anchors><Layers><Layer level="ARTWORK"><Texture name="$parent_Background" setAllPoints="true"><Color r="1" g="1" b="1" a="1" /></Texture></Layer></Layers></Frame>
	<Frame name="GG23" parent="GLOCK_graph" enableMouse="true" frameStrata="TOP"><Size><AbsDimension x="2" y="2"/></Size><Anchors><Anchor point="BOTTOMLEFT"/></Anchors><Layers><Layer level="ARTWORK"><Texture name="$parent_Background" setAllPoints="true"><Color r="1" g="1" b="1" a="1" /></Texture></Layer></Layers></Frame>
	<Frame name="GG24" parent="GLOCK_graph" enableMouse="true" frameStrata="TOP"><Size><AbsDimension x="2" y="2"/></Size><Anchors><Anchor point="BOTTOMLEFT"/></Anchors><Layers><Layer level="ARTWORK"><Texture name="$parent_Background" setAllPoints="true"><Color r="1" g="1" b="1" a="1" /></Texture></Layer></Layers></Frame>
	<Frame name="GG25" parent="GLOCK_graph" enableMouse="true" frameStrata="TOP"><Size><AbsDimension x="2" y="2"/></Size><Anchors><Anchor point="BOTTOMLEFT"/></Anchors><Layers><Layer level="ARTWORK"><Texture name="$parent_Background" setAllPoints="true"><Color r="1" g="1" b="1" a="1" /></Texture></Layer></Layers></Frame>
	<Frame name="GG26" parent="GLOCK_graph" enableMouse="true" frameStrata="TOP"><Size><AbsDimension x="2" y="2"/></Size><Anchors><Anchor point="BOTTOMLEFT"/></Anchors><Layers><Layer level="ARTWORK"><Texture name="$parent_Background" setAllPoints="true"><Color r="1" g="1" b="1" a="1" /></Texture></Layer></Layers></Frame>
	<Frame name="GG27" parent="GLOCK_graph" enableMouse="true" frameStrata="TOP"><Size><AbsDimension x="2" y="2"/></Size><Anchors><Anchor point="BOTTOMLEFT"/></Anchors><Layers><Layer level="ARTWORK"><Texture name="$parent_Background" setAllPoints="true"><Color r="1" g="1" b="1" a="1" /></Texture></Layer></Layers></Frame>
	<Frame name="GG28" parent="GLOCK_graph" enableMouse="true" frameStrata="TOP"><Size><AbsDimension x="2" y="2"/></Size><Anchors><Anchor point="BOTTOMLEFT"/></Anchors><Layers><Layer level="ARTWORK"><Texture name="$parent_Background" setAllPoints="true"><Color r="1" g="1" b="1" a="1" /></Texture></Layer></Layers></Frame>
	<Frame name="GG29" parent="GLOCK_graph" enableMouse="true" frameStrata="TOP"><Size><AbsDimension x="2" y="2"/></Size><Anchors><Anchor point="BOTTOMLEFT"/></Anchors><Layers><Layer level="ARTWORK"><Texture name="$parent_Background" setAllPoints="true"><Color r="1" g="1" b="1" a="1" /></Texture></Layer></Layers></Frame>
	<Frame name="GG30" parent="GLOCK_graph" enableMouse="true" frameStrata="TOP"><Size><AbsDimension x="2" y="2"/></Size><Anchors><Anchor point="BOTTOMLEFT"/></Anchors><Layers><Layer level="ARTWORK"><Texture name="$parent_Background" setAllPoints="true"><Color r="1" g="1" b="1" a="1" /></Texture></Layer></Layers></Frame>
	<Frame name="GG31" parent="GLOCK_graph" enableMouse="true" frameStrata="TOP"><Size><AbsDimension x="2" y="2"/></Size><Anchors><Anchor point="BOTTOMLEFT"/></Anchors><Layers><Layer level="ARTWORK"><Texture name="$parent_Background" setAllPoints="true"><Color r="1" g="1" b="1" a="1" /></Texture></Layer></Layers></Frame>
	<Frame name="GG32" parent="GLOCK_graph" enableMouse="true" frameStrata="TOP"><Size><AbsDimension x="2" y="2"/></Size><Anchors><Anchor point="BOTTOMLEFT"/></Anchors><Layers><Layer level="ARTWORK"><Texture name="$parent_Background" setAllPoints="true"><Color r="1" g="1" b="1" a="1" /></Texture></Layer></Layers></Frame>
	<Frame name="GG33" parent="GLOCK_graph" enableMouse="true" frameStrata="TOP"><Size><AbsDimension x="2" y="2"/></Size><Anchors><Anchor point="BOTTOMLEFT"/></Anchors><Layers><Layer level="ARTWORK"><Texture name="$parent_Background" setAllPoints="true"><Color r="1" g="1" b="1" a="1" /></Texture></Layer></Layers></Frame>
	<Frame name="GG34" parent="GLOCK_graph" enableMouse="true" frameStrata="TOP"><Size><AbsDimension x="2" y="2"/></Size><Anchors><Anchor point="BOTTOMLEFT"/></Anchors><Layers><Layer level="ARTWORK"><Texture name="$parent_Background" setAllPoints="true"><Color r="1" g="1" b="1" a="1" /></Texture></Layer></Layers></Frame>
	<Frame name="GG35" parent="GLOCK_graph" enableMouse="true" frameStrata="TOP"><Size><AbsDimension x="2" y="2"/></Size><Anchors><Anchor point="BOTTOMLEFT"/></Anchors><Layers><Layer level="ARTWORK"><Texture name="$parent_Background" setAllPoints="true"><Color r="1" g="1" b="1" a="1" /></Texture></Layer></Layers></Frame>
	<Frame name="GG36" parent="GLOCK_graph" enableMouse="true" frameStrata="TOP"><Size><AbsDimension x="2" y="2"/></Size><Anchors><Anchor point="BOTTOMLEFT"/></Anchors><Layers><Layer level="ARTWORK"><Texture name="$parent_Background" setAllPoints="true"><Color r="1" g="1" b="1" a="1" /></Texture></Layer></Layers></Frame>
	<Frame name="GG37" parent="GLOCK_graph" enableMouse="true" frameStrata="TOP"><Size><AbsDimension x="2" y="2"/></Size><Anchors><Anchor point="BOTTOMLEFT"/></Anchors><Layers><Layer level="ARTWORK"><Texture name="$parent_Background" setAllPoints="true"><Color r="1" g="1" b="1" a="1" /></Texture></Layer></Layers></Frame>
	<Frame name="GG38" parent="GLOCK_graph" enableMouse="true" frameStrata="TOP"><Size><AbsDimension x="2" y="2"/></Size><Anchors><Anchor point="BOTTOMLEFT"/></Anchors><Layers><Layer level="ARTWORK"><Texture name="$parent_Background" setAllPoints="true"><Color r="1" g="1" b="1" a="1" /></Texture></Layer></Layers></Frame>
	<Frame name="GG39" parent="GLOCK_graph" enableMouse="true" frameStrata="TOP"><Size><AbsDimension x="2" y="2"/></Size><Anchors><Anchor point="BOTTOMLEFT"/></Anchors><Layers><Layer level="ARTWORK"><Texture name="$parent_Background" setAllPoints="true"><Color r="1" g="1" b="1" a="1" /></Texture></Layer></Layers></Frame>
	<Frame name="GG40" parent="GLOCK_graph" enableMouse="true" frameStrata="TOP"><Size><AbsDimension x="2" y="2"/></Size><Anchors><Anchor point="BOTTOMLEFT"/></Anchors><Layers><Layer level="ARTWORK"><Texture name="$parent_Background" setAllPoints="true"><Color r="1" g="1" b="1" a="1" /></Texture></Layer></Layers></Frame>
	<Frame name="GG41" parent="GLOCK_graph" enableMouse="true" frameStrata="TOP"><Size><AbsDimension x="2" y="2"/></Size><Anchors><Anchor point="BOTTOMLEFT"/></Anchors><Layers><Layer level="ARTWORK"><Texture name="$parent_Background" setAllPoints="true"><Color r="1" g="1" b="1" a="1" /></Texture></Layer></Layers></Frame>
	<Frame name="GG42" parent="GLOCK_graph" enableMouse="true" frameStrata="TOP"><Size><AbsDimension x="2" y="2"/></Size><Anchors><Anchor point="BOTTOMLEFT"/></Anchors><Layers><Layer level="ARTWORK"><Texture name="$parent_Background" setAllPoints="true"><Color r="1" g="1" b="1" a="1" /></Texture></Layer></Layers></Frame>
	<Frame name="GG43" parent="GLOCK_graph" enableMouse="true" frameStrata="TOP"><Size><AbsDimension x="2" y="2"/></Size><Anchors><Anchor point="BOTTOMLEFT"/></Anchors><Layers><Layer level="ARTWORK"><Texture name="$parent_Background" setAllPoints="true"><Color r="1" g="1" b="1" a="1" /></Texture></Layer></Layers></Frame>
	<Frame name="GG44" parent="GLOCK_graph" enableMouse="true" frameStrata="TOP"><Size><AbsDimension x="2" y="2"/></Size><Anchors><Anchor point="BOTTOMLEFT"/></Anchors><Layers><Layer level="ARTWORK"><Texture name="$parent_Background" setAllPoints="true"><Color r="1" g="1" b="1" a="1" /></Texture></Layer></Layers></Frame>
	<Frame name="GG45" parent="GLOCK_graph" enableMouse="true" frameStrata="TOP"><Size><AbsDimension x="2" y="2"/></Size><Anchors><Anchor point="BOTTOMLEFT"/></Anchors><Layers><Layer level="ARTWORK"><Texture name="$parent_Background" setAllPoints="true"><Color r="1" g="1" b="1" a="1" /></Texture></Layer></Layers></Frame>
	<Frame name="GG46" parent="GLOCK_graph" enableMouse="true" frameStrata="TOP"><Size><AbsDimension x="2" y="2"/></Size><Anchors><Anchor point="BOTTOMLEFT"/></Anchors><Layers><Layer level="ARTWORK"><Texture name="$parent_Background" setAllPoints="true"><Color r="1" g="1" b="1" a="1" /></Texture></Layer></Layers></Frame>
	<Frame name="GG47" parent="GLOCK_graph" enableMouse="true" frameStrata="TOP"><Size><AbsDimension x="2" y="2"/></Size><Anchors><Anchor point="BOTTOMLEFT"/></Anchors><Layers><Layer level="ARTWORK"><Texture name="$parent_Background" setAllPoints="true"><Color r="1" g="1" b="1" a="1" /></Texture></Layer></Layers></Frame>
	<Frame name="GG48" parent="GLOCK_graph" enableMouse="true" frameStrata="TOP"><Size><AbsDimension x="2" y="2"/></Size><Anchors><Anchor point="BOTTOMLEFT"/></Anchors><Layers><Layer level="ARTWORK"><Texture name="$parent_Background" setAllPoints="true"><Color r="1" g="1" b="1" a="1" /></Texture></Layer></Layers></Frame>
	<Frame name="GG49" parent="GLOCK_graph" enableMouse="true" frameStrata="TOP"><Size><AbsDimension x="2" y="2"/></Size><Anchors><Anchor point="BOTTOMLEFT"/></Anchors><Layers><Layer level="ARTWORK"><Texture name="$parent_Background" setAllPoints="true"><Color r="1" g="1" b="1" a="1" /></Texture></Layer></Layers></Frame>
	<Frame name="GG50" parent="GLOCK_graph" enableMouse="true" frameStrata="TOP"><Size><AbsDimension x="2" y="2"/></Size><Anchors><Anchor point="BOTTOMLEFT"/></Anchors><Layers><Layer level="ARTWORK"><Texture name="$parent_Background" setAllPoints="true"><Color r="1" g="1" b="1" a="1" /></Texture></Layer></Layers></Frame>
	<Frame name="GG51" parent="GLOCK_graph" enableMouse="true" frameStrata="TOP"><Size><AbsDimension x="2" y="2"/></Size><Anchors><Anchor point="BOTTOMLEFT"/></Anchors><Layers><Layer level="ARTWORK"><Texture name="$parent_Background" setAllPoints="true"><Color r="1" g="1" b="1" a="1" /></Texture></Layer></Layers></Frame>
	<Frame name="GG52" parent="GLOCK_graph" enableMouse="true" frameStrata="TOP"><Size><AbsDimension x="2" y="2"/></Size><Anchors><Anchor point="BOTTOMLEFT"/></Anchors><Layers><Layer level="ARTWORK"><Texture name="$parent_Background" setAllPoints="true"><Color r="1" g="1" b="1" a="1" /></Texture></Layer></Layers></Frame>
	<Frame name="GG53" parent="GLOCK_graph" enableMouse="true" frameStrata="TOP"><Size><AbsDimension x="2" y="2"/></Size><Anchors><Anchor point="BOTTOMLEFT"/></Anchors><Layers><Layer level="ARTWORK"><Texture name="$parent_Background" setAllPoints="true"><Color r="1" g="1" b="1" a="1" /></Texture></Layer></Layers></Frame>
	<Frame name="GG54" parent="GLOCK_graph" enableMouse="true" frameStrata="TOP"><Size><AbsDimension x="2" y="2"/></Size><Anchors><Anchor point="BOTTOMLEFT"/></Anchors><Layers><Layer level="ARTWORK"><Texture name="$parent_Background" setAllPoints="true"><Color r="1" g="1" b="1" a="1" /></Texture></Layer></Layers></Frame>
	<Frame name="GG55" parent="GLOCK_graph" enableMouse="true" frameStrata="TOP"><Size><AbsDimension x="2" y="2"/></Size><Anchors><Anchor point="BOTTOMLEFT"/></Anchors><Layers><Layer level="ARTWORK"><Texture name="$parent_Background" setAllPoints="true"><Color r="1" g="1" b="1" a="1" /></Texture></Layer></Layers></Frame>
	<Frame name="GG56" parent="GLOCK_graph" enableMouse="true" frameStrata="TOP"><Size><AbsDimension x="2" y="2"/></Size><Anchors><Anchor point="BOTTOMLEFT"/></Anchors><Layers><Layer level="ARTWORK"><Texture name="$parent_Background" setAllPoints="true"><Color r="1" g="1" b="1" a="1" /></Texture></Layer></Layers></Frame>
	<Frame name="GG57" parent="GLOCK_graph" enableMouse="true" frameStrata="TOP"><Size><AbsDimension x="2" y="2"/></Size><Anchors><Anchor point="BOTTOMLEFT"/></Anchors><Layers><Layer level="ARTWORK"><Texture name="$parent_Background" setAllPoints="true"><Color r="1" g="1" b="1" a="1" /></Texture></Layer></Layers></Frame>
	<Frame name="GG58" parent="GLOCK_graph" enableMouse="true" frameStrata="TOP"><Size><AbsDimension x="2" y="2"/></Size><Anchors><Anchor point="BOTTOMLEFT"/></Anchors><Layers><Layer level="ARTWORK"><Texture name="$parent_Background" setAllPoints="true"><Color r="1" g="1" b="1" a="1" /></Texture></Layer></Layers></Frame>
	<Frame name="GG59" parent="GLOCK_graph" enableMouse="true" frameStrata="TOP"><Size><AbsDimension x="2" y="2"/></Size><Anchors><Anchor point="BOTTOMLEFT"/></Anchors><Layers><Layer level="ARTWORK"><Texture name="$parent_Background" setAllPoints="true"><Color r="1" g="1" b="1" a="1" /></Texture></Layer></Layers></Frame>
	<Frame name="GG60" parent="GLOCK_graph" enableMouse="true" frameStrata="TOP"><Size><AbsDimension x="2" y="2"/></Size><Anchors><Anchor point="BOTTOMLEFT"/></Anchors><Layers><Layer level="ARTWORK"><Texture name="$parent_Background" setAllPoints="true"><Color r="1" g="1" b="1" a="1" /></Texture></Layer></Layers></Frame>
	<Frame name="GG61" parent="GLOCK_graph" enableMouse="true" frameStrata="TOP"><Size><AbsDimension x="2" y="2"/></Size><Anchors><Anchor point="BOTTOMLEFT"/></Anchors><Layers><Layer level="ARTWORK"><Texture name="$parent_Background" setAllPoints="true"><Color r="1" g="1" b="1" a="1" /></Texture></Layer></Layers></Frame>
	<Frame name="GG62" parent="GLOCK_graph" enableMouse="true" frameStrata="TOP"><Size><AbsDimension x="2" y="2"/></Size><Anchors><Anchor point="BOTTOMLEFT"/></Anchors><Layers><Layer level="ARTWORK"><Texture name="$parent_Background" setAllPoints="true"><Color r="1" g="1" b="1" a="1" /></Texture></Layer></Layers></Frame>
	<Frame name="GG63" parent="GLOCK_graph" enableMouse="true" frameStrata="TOP"><Size><AbsDimension x="2" y="2"/></Size><Anchors><Anchor point="BOTTOMLEFT"/></Anchors><Layers><Layer level="ARTWORK"><Texture name="$parent_Background" setAllPoints="true"><Color r="1" g="1" b="1" a="1" /></Texture></Layer></Layers></Frame>
	<Frame name="GG64" parent="GLOCK_graph" enableMouse="true" frameStrata="TOP"><Size><AbsDimension x="2" y="2"/></Size><Anchors><Anchor point="BOTTOMLEFT"/></Anchors><Layers><Layer level="ARTWORK"><Texture name="$parent_Background" setAllPoints="true"><Color r="1" g="1" b="1" a="1" /></Texture></Layer></Layers></Frame>
	<Frame name="GG65" parent="GLOCK_graph" enableMouse="true" frameStrata="TOP"><Size><AbsDimension x="2" y="2"/></Size><Anchors><Anchor point="BOTTOMLEFT"/></Anchors><Layers><Layer level="ARTWORK"><Texture name="$parent_Background" setAllPoints="true"><Color r="1" g="1" b="1" a="1" /></Texture></Layer></Layers></Frame>
	<Frame name="GG66" parent="GLOCK_graph" enableMouse="true" frameStrata="TOP"><Size><AbsDimension x="2" y="2"/></Size><Anchors><Anchor point="BOTTOMLEFT"/></Anchors><Layers><Layer level="ARTWORK"><Texture name="$parent_Background" setAllPoints="true"><Color r="1" g="1" b="1" a="1" /></Texture></Layer></Layers></Frame>
	<Frame name="GG67" parent="GLOCK_graph" enableMouse="true" frameStrata="TOP"><Size><AbsDimension x="2" y="2"/></Size><Anchors><Anchor point="BOTTOMLEFT"/></Anchors><Layers><Layer level="ARTWORK"><Texture name="$parent_Background" setAllPoints="true"><Color r="1" g="1" b="1" a="1" /></Texture></Layer></Layers></Frame>
	<Frame name="GG68" parent="GLOCK_graph" enableMouse="true" frameStrata="TOP"><Size><AbsDimension x="2" y="2"/></Size><Anchors><Anchor point="BOTTOMLEFT"/></Anchors><Layers><Layer level="ARTWORK"><Texture name="$parent_Background" setAllPoints="true"><Color r="1" g="1" b="1" a="1" /></Texture></Layer></Layers></Frame>
	<Frame name="GG69" parent="GLOCK_graph" enableMouse="true" frameStrata="TOP"><Size><AbsDimension x="2" y="2"/></Size><Anchors><Anchor point="BOTTOMLEFT"/></Anchors><Layers><Layer level="ARTWORK"><Texture name="$parent_Background" setAllPoints="true"><Color r="1" g="1" b="1" a="1" /></Texture></Layer></Layers></Frame>
	<Frame name="GG70" parent="GLOCK_graph" enableMouse="true" frameStrata="TOP"><Size><AbsDimension x="2" y="2"/></Size><Anchors><Anchor point="BOTTOMLEFT"/></Anchors><Layers><Layer level="ARTWORK"><Texture name="$parent_Background" setAllPoints="true"><Color r="1" g="1" b="1" a="1" /></Texture></Layer></Layers></Frame>
	<Frame name="GG71" parent="GLOCK_graph" enableMouse="true" frameStrata="TOP"><Size><AbsDimension x="2" y="2"/></Size><Anchors><Anchor point="BOTTOMLEFT"/></Anchors><Layers><Layer level="ARTWORK"><Texture name="$parent_Background" setAllPoints="true"><Color r="1" g="1" b="1" a="1" /></Texture></Layer></Layers></Frame>
	<Frame name="GG72" parent="GLOCK_graph" enableMouse="true" frameStrata="TOP"><Size><AbsDimension x="2" y="2"/></Size><Anchors><Anchor point="BOTTOMLEFT"/></Anchors><Layers><Layer level="ARTWORK"><Texture name="$parent_Background" setAllPoints="true"><Color r="1" g="1" b="1" a="1" /></Texture></Layer></Layers></Frame>
	<Frame name="GG73" parent="GLOCK_graph" enableMouse="true" frameStrata="TOP"><Size><AbsDimension x="2" y="2"/></Size><Anchors><Anchor point="BOTTOMLEFT"/></Anchors><Layers><Layer level="ARTWORK"><Texture name="$parent_Background" setAllPoints="true"><Color r="1" g="1" b="1" a="1" /></Texture></Layer></Layers></Frame>
	<Frame name="GG74" parent="GLOCK_graph" enableMouse="true" frameStrata="TOP"><Size><AbsDimension x="2" y="2"/></Size><Anchors><Anchor point="BOTTOMLEFT"/></Anchors><Layers><Layer level="ARTWORK"><Texture name="$parent_Background" setAllPoints="true"><Color r="1" g="1" b="1" a="1" /></Texture></Layer></Layers></Frame>
	<Frame name="GG75" parent="GLOCK_graph" enableMouse="true" frameStrata="TOP"><Size><AbsDimension x="2" y="2"/></Size><Anchors><Anchor point="BOTTOMLEFT"/></Anchors><Layers><Layer level="ARTWORK"><Texture name="$parent_Background" setAllPoints="true"><Color r="1" g="1" b="1" a="1" /></Texture></Layer></Layers></Frame>
	<Frame name="GG76" parent="GLOCK_graph" enableMouse="true" frameStrata="TOP"><Size><AbsDimension x="2" y="2"/></Size><Anchors><Anchor point="BOTTOMLEFT"/></Anchors><Layers><Layer level="ARTWORK"><Texture name="$parent_Background" setAllPoints="true"><Color r="1" g="1" b="1" a="1" /></Texture></Layer></Layers></Frame>
	<Frame name="GG77" parent="GLOCK_graph" enableMouse="true" frameStrata="TOP"><Size><AbsDimension x="2" y="2"/></Size><Anchors><Anchor point="BOTTOMLEFT"/></Anchors><Layers><Layer level="ARTWORK"><Texture name="$parent_Background" setAllPoints="true"><Color r="1" g="1" b="1" a="1" /></Texture></Layer></Layers></Frame>
	<Frame name="GG78" parent="GLOCK_graph" enableMouse="true" frameStrata="TOP"><Size><AbsDimension x="2" y="2"/></Size><Anchors><Anchor point="BOTTOMLEFT"/></Anchors><Layers><Layer level="ARTWORK"><Texture name="$parent_Background" setAllPoints="true"><Color r="1" g="1" b="1" a="1" /></Texture></Layer></Layers></Frame>
	<Frame name="GG79" parent="GLOCK_graph" enableMouse="true" frameStrata="TOP"><Size><AbsDimension x="2" y="2"/></Size><Anchors><Anchor point="BOTTOMLEFT"/></Anchors><Layers><Layer level="ARTWORK"><Texture name="$parent_Background" setAllPoints="true"><Color r="1" g="1" b="1" a="1" /></Texture></Layer></Layers></Frame>
	<Frame name="GG80" parent="GLOCK_graph" enableMouse="true" frameStrata="TOP"><Size><AbsDimension x="2" y="2"/></Size><Anchors><Anchor point="BOTTOMLEFT"/></Anchors><Layers><Layer level="ARTWORK"><Texture name="$parent_Background" setAllPoints="true"><Color r="1" g="1" b="1" a="1" /></Texture></Layer></Layers></Frame>
	<Frame name="GG81" parent="GLOCK_graph" enableMouse="true" frameStrata="TOP"><Size><AbsDimension x="2" y="2"/></Size><Anchors><Anchor point="BOTTOMLEFT"/></Anchors><Layers><Layer level="ARTWORK"><Texture name="$parent_Background" setAllPoints="true"><Color r="1" g="1" b="1" a="1" /></Texture></Layer></Layers></Frame>
	<Frame name="GG82" parent="GLOCK_graph" enableMouse="true" frameStrata="TOP"><Size><AbsDimension x="2" y="2"/></Size><Anchors><Anchor point="BOTTOMLEFT"/></Anchors><Layers><Layer level="ARTWORK"><Texture name="$parent_Background" setAllPoints="true"><Color r="1" g="1" b="1" a="1" /></Texture></Layer></Layers></Frame>
	<Frame name="GG83" parent="GLOCK_graph" enableMouse="true" frameStrata="TOP"><Size><AbsDimension x="2" y="2"/></Size><Anchors><Anchor point="BOTTOMLEFT"/></Anchors><Layers><Layer level="ARTWORK"><Texture name="$parent_Background" setAllPoints="true"><Color r="1" g="1" b="1" a="1" /></Texture></Layer></Layers></Frame>
	<Frame name="GG84" parent="GLOCK_graph" enableMouse="true" frameStrata="TOP"><Size><AbsDimension x="2" y="2"/></Size><Anchors><Anchor point="BOTTOMLEFT"/></Anchors><Layers><Layer level="ARTWORK"><Texture name="$parent_Background" setAllPoints="true"><Color r="1" g="1" b="1" a="1" /></Texture></Layer></Layers></Frame>
	<Frame name="GG85" parent="GLOCK_graph" enableMouse="true" frameStrata="TOP"><Size><AbsDimension x="2" y="2"/></Size><Anchors><Anchor point="BOTTOMLEFT"/></Anchors><Layers><Layer level="ARTWORK"><Texture name="$parent_Background" setAllPoints="true"><Color r="1" g="1" b="1" a="1" /></Texture></Layer></Layers></Frame>
	</Frames>


</Frame>

<Frame name="GLOCK_vulnbars" frameStrata="TOP" toplevel="true" enableMouse="true" movable="false" parent="GLOCK_frame" hidden="true">
	<Size><AbsDimension x="89" y="80"/></Size>
	<Anchors><Anchor point="RIGHT"><Offset><AbsDimension x="90" y="0"/></Offset></Anchor></Anchors>

	<Backdrop bgFile="Interface\TutorialFrame\TutorialFrameBackground" edgeFile="Interface\DialogFrame\UI-DialogBox-Border" tile="true">
	<EdgeSize><AbsValue val="16"/></EdgeSize>  <TileSize><AbsValue val="32"/></TileSize>
	<BackgroundInsets><AbsInset left="5" right="5" top="5" bottom="5"/></BackgroundInsets></Backdrop>


	<Frames>
	<Frame name="GG50p" parent="GLOCK_vulnbars" enableMouse="true" frameStrata="BACKGROUND"><Size><AbsDimension x="75" y="1"/></Size><Anchors><Anchor point="BOTTOMRIGHT"/></Anchors><Layers><Layer level="ARTWORK"><Texture name="$parent_Background" setAllPoints="true"><Color r=".5" g=".5" b=".5" a="1" /></Texture></Layer></Layers></Frame>
	<Frame name="GG100p" parent="GLOCK_vulnbars" enableMouse="true" frameStrata="BACKGROUND"><Size><AbsDimension x="75" y="1"/></Size><Anchors><Anchor point="BOTTOMRIGHT"/></Anchors><Layers><Layer level="ARTWORK"><Texture name="$parent_Background" setAllPoints="true"><Color r=".5" g=".5" b=".5" a="1" /></Texture></Layer></Layers></Frame>
	<Frame name="GG150p" parent="GLOCK_vulnbars" enableMouse="true" frameStrata="BACKGROUND"><Size><AbsDimension x="75" y="1"/></Size><Anchors><Anchor point="BOTTOMRIGHT"/></Anchors><Layers><Layer level="ARTWORK"><Texture name="$parent_Background" setAllPoints="true"><Color r=".5" g=".5" b=".5" a="1" /></Texture></Layer></Layers></Frame>

	<Frame name="GGArcane" parent="GLOCK_vulnbars" enableMouse="true" frameStrata="LOW"><Size><AbsDimension x="15" y="65"/></Size><Anchors><Anchor point="BOTTOMRIGHT"/></Anchors><Layers><Layer level="ARTWORK"><Texture name="$parent_Background" setAllPoints="true"><Color r="1" g="1" b="1" a="1" /></Texture></Layer></Layers></Frame>
	<Frame name="GGFire" parent="GLOCK_vulnbars" enableMouse="true" frameStrata="LOW"><Size><AbsDimension x="15" y="65"/></Size><Anchors><Anchor point="BOTTOMRIGHT"/></Anchors><Layers><Layer level="ARTWORK"><Texture name="$parent_Background" setAllPoints="true"><Color r="1" g="1" b="1" a="1" /></Texture></Layer></Layers></Frame>
	<Frame name="GGFrost" parent="GLOCK_vulnbars" enableMouse="true" frameStrata="LOW"><Size><AbsDimension x="15" y="65"/></Size><Anchors><Anchor point="BOTTOMRIGHT"/></Anchors><Layers><Layer level="ARTWORK"><Texture name="$parent_Background" setAllPoints="true"><Color r="1" g="1" b="1" a="1" /></Texture></Layer></Layers></Frame>
	<Frame name="GGNature" parent="GLOCK_vulnbars" enableMouse="true" frameStrata="LOW"><Size><AbsDimension x="15" y="65"/></Size><Anchors><Anchor point="BOTTOMRIGHT"/></Anchors><Layers><Layer level="ARTWORK"><Texture name="$parent_Background" setAllPoints="true"><Color r="1" g="1" b="1" a="1" /></Texture></Layer></Layers></Frame>
	<Frame name="GGShadow" parent="GLOCK_vulnbars" enableMouse="true" frameStrata="LOW"><Size><AbsDimension x="15" y="65"/></Size><Anchors><Anchor point="BOTTOMRIGHT"/></Anchors><Layers><Layer level="ARTWORK"><Texture name="$parent_Background" setAllPoints="true"><Color r="1" g="1" b="1" a="1" /></Texture></Layer></Layers></Frame>
	</Frames>

	<Layers>
		<Layer level="ARTWORK">
		<Fontstring name="GGArcaneTxT" inherits="GameFontNormal" text="100">
			<Anchors><Anchor point="BOTTOMRIGHT"><Offset><AbsDimension x="-7" y="-5"/></Offset></Anchor></Anchors>
		</Fontstring>
		<Fontstring name="GGFireTxT" inherits="GameFontNormal" text="100">
			<Anchors><Anchor point="BOTTOMRIGHT"><Offset><AbsDimension x="-22" y="-15"/></Offset></Anchor></Anchors>
		</Fontstring>
		<Fontstring name="GGFrostTxT" inherits="GameFontNormal" text="100">
			<Anchors><Anchor point="BOTTOMRIGHT"><Offset><AbsDimension x="-37" y="-5"/></Offset></Anchor></Anchors>
		</Fontstring>
		<Fontstring name="GGNatureTxT" inherits="GameFontNormal" text="100">
			<Anchors><Anchor point="BOTTOMRIGHT"><Offset><AbsDimension x="-52" y="-15"/></Offset></Anchor></Anchors>
		</Fontstring>
		<Fontstring name="GGShadowTxT" inherits="GameFontNormal" text="100">
			<Anchors><Anchor point="BOTTOMRIGHT"><Offset><AbsDimension x="-67" y="-5"/></Offset></Anchor></Anchors>
		</Fontstring>
		</Layer>
	</Layers>
	<Scripts>
		<OnLoad>
				SchoolsR={.9, .9, 1, .9, .4, 0}
				SchoolsG={.7, .9, 1, .5,  1, 0}
				SchoolsB={.9, .7, 1, .4, .4, 0}
			GGArcane:SetPoint("BOTTOMRIGHT",-7,7)
			GGFire:SetPoint("BOTTOMRIGHT",-22,7)
			GGFrost:SetPoint("BOTTOMRIGHT",-37,7)
			GGNature:SetPoint("BOTTOMRIGHT",-52,7)
			GGShadow:SetPoint("BOTTOMRIGHT",-67,7)

			GG50p:SetPoint("BOTTOMRIGHT",-7,65/4+7-.5)
			GG100p:SetPoint("BOTTOMRIGHT",-7,65/2+7-.5)
			GG150p:SetPoint("BOTTOMRIGHT",-7,65/4+65/2+7-.5)
			GG50p_Background:SetVertexColor(1,1,1)
			GG100p_Background:SetVertexColor(1,1,1)
			GG150p_Background:SetVertexColor(1,1,1)

			GGArcane_Background:SetVertexColor(SchoolsR[2]-.3,SchoolsG[2]-.3,SchoolsB[2]-.3,.7)
			GGFire_Background:SetVertexColor(SchoolsR[4]-.3,SchoolsG[4]-.3,SchoolsB[4]-.3,.7)
			GGFrost_Background:SetVertexColor(SchoolsR[3]-.3,SchoolsG[3]-.3,SchoolsB[3]-.3,.7)
			GGNature_Background:SetVertexColor(SchoolsR[5]-.3,SchoolsG[5]-.3,SchoolsB[5]-.3,.7)
			GGShadow_Background:SetVertexColor(SchoolsR[1]-.3,SchoolsG[1]-.3,SchoolsB[1]-.3,.7)
			
			GGArcaneTxT:SetTextColor(SchoolsR[2],SchoolsG[2],SchoolsB[2])
			GGFireTxT:SetTextColor(SchoolsR[4],SchoolsG[4],SchoolsB[4])
			GGFrostTxT:SetTextColor(SchoolsR[3],SchoolsG[3],SchoolsB[3])
			GGNatureTxT:SetTextColor(SchoolsR[5],SchoolsG[5],SchoolsB[5])
			GGShadowTxT:SetTextColor(SchoolsR[1],SchoolsG[1],SchoolsB[1])

			GGArcaneTxT:SetTextHeight(8)
			GGFireTxT:SetTextHeight(8)
			GGFrostTxT:SetTextHeight(8)
			GGNatureTxT:SetTextHeight(8)
			GGShadowTxT:SetTextHeight(8)

			GGArcane:SetHeight(65/2)
			GGFire:SetHeight(65/2)
			GGFrost:SetHeight(65/2)
			GGNature:SetHeight(65/2)
			GGShadow:SetHeight(65/2)
		</OnLoad>
	</Scripts>

</Frame>

		<Button name="GLOCK_showGraph" inherits="UIPanelButtonTemplate" parent="GLOCK_frame" text="+">
                 <Size><AbsDimension x="12" y="12"/></Size>
                 <Anchors><Anchor point="BOTTOM" relativeTo="GLOCK_frame"><Offset><AbsDimension x="0" y="0"/></Offset></Anchor></Anchors>
		<Scripts>
			<OnClick> 
				if GLOCK_graph:IsVisible() then
					this:SetText("+")
					GLOCK_graph:Hide()
					for ij=1,85 do GLData1[ij]=0 GLData2[ij]=6 end
				else
					this:SetText("-")
					GLOCK_graph:Show()
				end
			</OnClick>	
		 	<OnEnter>
				GameTooltip:SetOwner(this, "ANCHOR_LEFT")
				GameTooltip:SetText("Recent Resist History (Graphical)")
			</OnEnter>
			<OnLeave>
				GameTooltip:Hide();
			</OnLeave>
		</Scripts>
                </Button>

		<Button name="GLOCK_showVuln" inherits="UIPanelButtonTemplate" parent="GLOCK_frame" text="+">
                 <Size><AbsDimension x="12" y="12"/></Size>
                 <Anchors><Anchor point="BOTTOMRIGHT" relativeTo="GLOCK_frame"><Offset><AbsDimension x="0" y="0"/></Offset></Anchor></Anchors>
		<Scripts>
	                <OnClick> 
				if GLOCK_vulnbars:IsVisible() then
					this:SetText("+")
					GLOCK_vulnbars:Hide()
				else
					this:SetText("-")
					GLOCK_vulnbars:Show()
				end
			</OnClick>	
		 	<OnEnter>
				GameTooltip:SetOwner(this, "ANCHOR_RIGHT")
				GameTooltip:SetText("Vulnerability Track (Graphical)")
			</OnEnter>
			<OnLeave>
				GameTooltip:Hide();
			</OnLeave>
		</Scripts>
                </Button>

</Ui>