<Ui xmlns="http://www.blizzard.com/wow/ui/" xmlns:xsi="http://www.w3.org/2001/XMLSchema-instance"   xsi:schemaLocation="http://www.blizzard.com/wow/ui/"> 
<Script file="glock_resist.lua"/>
<Script file="glock_chat.lua"/>
<Script file="glock_search.lua"/>
<Script file="glock_localization.lua"/>
<Script file="glock.lua"/>

<Frame name="GLOCK_frame" frameStrata="BACKGROUND" toplevel="true" enableMouse="true" movable="true" parent="GLOCK_MaxOuter" hidden="true">
	<Size><AbsDimension x="200" y="110"/></Size>
	<Anchors><Anchor point="LEFT"/></Anchors>
  <Backdrop bgFile="Interface\TutorialFrame\TutorialFrameBackground" edgeFile="Interface\DialogFrame\UI-DialogBox-Border" tile="true">
	<EdgeSize><AbsValue val="16"/></EdgeSize>
	<TileSize><AbsValue val="32"/></TileSize>
	<BackgroundInsets><AbsInset left="5" right="5" top="5" bottom="5"/></BackgroundInsets></Backdrop>


	<Layers>
		<Layer level="ARTWORK">
		<Fontstring name="GLOCK_TName" inherits="GameFontNormal" text="">
			<Anchors><Anchor point="TOP" relativeTo="GLOCK_frame"><Offset><AbsDimension x="0" y="-5"/></Offset></Anchor></Anchors>
		</Fontstring>
		<Fontstring name="GLOCK_Tlvl" inherits="GameFontNormal" text=" ">
			<Anchors><Anchor point="TOPRIGHT" relativeTo="GLOCK_frame"><Offset><AbsDimension x="-15" y="-17"/></Offset></Anchor></Anchors>
		</Fontstring>
		<Fontstring name="GLOCK_HitP" inherits="GameFontNormal" text=" ">
			<Anchors><Anchor point="TOPLEFT" relativeTo="GLOCK_frame"><Offset><AbsDimension x="5" y="-17"/></Offset></Anchor></Anchors>
		</Fontstring>

		<FontString name="GLOCK_ArcaneVulnT" inherits="GameFontNormal" text="A: ">
			<Anchors><Anchor point="LEFT" relativeTo="GLOCK_frame">	<Offset><RelDimension x=".005" y="0.01"/></Offset></Anchor></Anchors>
		</FontString>
		<FontString name="GLOCK_FireVulnT" inherits="GameFontNormal" text="Fi: ">
			<Anchors><Anchor point="LEFT" relativeTo="GLOCK_frame">	<Offset><RelDimension x="0.005" y="0.0"/></Offset></Anchor></Anchors>
		</FontString>
		<FontString name="GLOCK_NatureVulnT" inherits="GameFontNormal" text="N: ">
			<Anchors><Anchor point="LEFT" relativeTo="GLOCK_frame">	<Offset><RelDimension x="0.005" y="-0.01"/></Offset></Anchor></Anchors>
		</FontString>
		<FontString name="GLOCK_FrostVulnT" inherits="GameFontNormal" text="Fr: ">
			<Anchors><Anchor point="LEFT" relativeTo="GLOCK_frame">	<Offset><RelDimension x="0.005" y="-0.02"/></Offset></Anchor></Anchors>
		</FontString>
		<FontString name="GLOCK_ShadowVulnT" inherits="GameFontNormal" text="S: ">
			<Anchors><Anchor point="LEFT" relativeTo="GLOCK_frame">	<Offset><RelDimension x="0.005" y="-0.03"/></Offset></Anchor></Anchors>
		</FontString>

		<FontString name="GLOCK_YourHitT" inherits="GameFontNormal" text="Vuln">
			<Anchors><Anchor point="TOPLEFT" relativeTo="GLOCK_frame"><Offset><AbsDimension x="20" y="-33"/></Offset></Anchor></Anchors>
		</FontString>
		<FontString name="GLOCK_ArcaneVuln" inherits="GameFontNormal" text="0">
			<Anchors><Anchor point="LEFT" relativeTo="GLOCK_frame">	<Offset><RelDimension x="0.02" y="0.01"/></Offset></Anchor></Anchors>
		</FontString>
		<FontString name="GLOCK_FireVuln" inherits="GameFontNormal" text="0">
			<Anchors><Anchor point="LEFT" relativeTo="GLOCK_frame">	<Offset><RelDimension x="0.02" y="0.0"/></Offset></Anchor></Anchors>
		</FontString>
		<FontString name="GLOCK_NatureVuln" inherits="GameFontNormal" text="0">
			<Anchors><Anchor point="LEFT" relativeTo="GLOCK_frame">	<Offset><RelDimension x="0.02" y="-0.01"/></Offset></Anchor></Anchors>
		</FontString>
		<FontString name="GLOCK_FrostVuln" inherits="GameFontNormal" text="0">
			<Anchors><Anchor point="LEFT" relativeTo="GLOCK_frame">	<Offset><RelDimension x="0.02" y="-0.02"/></Offset></Anchor></Anchors>
		</FontString>
		<FontString name="GLOCK_ShadowVuln" inherits="GameFontNormal" text="0">
			<Anchors><Anchor point="LEFT" relativeTo="GLOCK_frame">	<Offset><RelDimension x="0.02" y="-0.03"/></Offset></Anchor></Anchors>
		</FontString>

		<FontString name="GLOCK_CastT" inherits="GameFontNormal" text="Casts">
			<Anchors><Anchor point="TOPLEFT" relativeTo="GLOCK_frame"><Offset><AbsDimension x="65" y="-33"/></Offset></Anchor></Anchors>
		</FontString>
		<FontString name="GLOCK_ArcaneH" inherits="GameFontNormal" text="0">
			<Anchors><Anchor point="LEFT" relativeTo="GLOCK_frame">	<Offset><RelDimension x="0.042" y="0.01"/></Offset></Anchor></Anchors>
		</FontString>
		<FontString name="GLOCK_FireH" inherits="GameFontNormal" text="0">
			<Anchors><Anchor point="LEFT" relativeTo="GLOCK_frame">	<Offset><RelDimension x="0.042" y="0.0"/></Offset></Anchor></Anchors>
		</FontString>
		<FontString name="GLOCK_NatureH" inherits="GameFontNormal" text="0">
			<Anchors><Anchor point="LEFT" relativeTo="GLOCK_frame">	<Offset><RelDimension x="0.042" y="-0.01"/></Offset></Anchor></Anchors>
		</FontString>
		<FontString name="GLOCK_FrostH" inherits="GameFontNormal" text="0">
			<Anchors><Anchor point="LEFT" relativeTo="GLOCK_frame">	<Offset><RelDimension x="0.042" y="-0.02"/></Offset></Anchor></Anchors>
		</FontString>
		<FontString name="GLOCK_ShadowH" inherits="GameFontNormal" text="0">
			<Anchors><Anchor point="LEFT" relativeTo="GLOCK_frame">	<Offset><RelDimension x="0.042" y="-0.03"/></Offset></Anchor></Anchors>
		</FontString>

		<FontString name="GLOCK_MissT" inherits="GameFontNormal" text="Hit%">
			<Anchors><Anchor point="TOPLEFT" relativeTo="GLOCK_frame"><Offset><AbsDimension x="110" y="-33"/></Offset></Anchor></Anchors>
		</FontString>
		<FontString name="GLOCK_ArcaneM" inherits="GameFontNormal" text="0">
			<Anchors><Anchor point="LEFT" relativeTo="GLOCK_frame">	<Offset><RelDimension x="0.07" y="0.01"/></Offset></Anchor></Anchors>
		</FontString>
		<FontString name="GLOCK_FireM" inherits="GameFontNormal" text="0">
			<Anchors><Anchor point="LEFT" relativeTo="GLOCK_frame">	<Offset><RelDimension x="0.07" y="0.0"/></Offset></Anchor></Anchors>
		</FontString>
		<FontString name="GLOCK_NatureM" inherits="GameFontNormal" text="0">
			<Anchors><Anchor point="LEFT" relativeTo="GLOCK_frame">	<Offset><RelDimension x="0.07" y="-0.01"/></Offset></Anchor></Anchors>
		</FontString>
		<FontString name="GLOCK_FrostM" inherits="GameFontNormal" text="0">
			<Anchors><Anchor point="LEFT" relativeTo="GLOCK_frame">	<Offset><RelDimension x="0.07" y="-0.02"/></Offset></Anchor></Anchors>
		</FontString>
		<FontString name="GLOCK_ShadowM" inherits="GameFontNormal" text="0">
			<Anchors><Anchor point="LEFT" relativeTo="GLOCK_frame">	<Offset><RelDimension x="0.07" y="-0.03"/></Offset></Anchor></Anchors>
		</FontString>
		
		<FontString name="GLOCK_YourRT" inherits="GameFontNormal" text="Resist">
			<Anchors><Anchor point="TOPLEFT" relativeTo="GLOCK_frame"><Offset><AbsDimension x="155" y="-33"/></Offset></Anchor></Anchors>
		</FontString>
		<FontString name="GLOCK_ArcaneR" inherits="GameFontNormal" text="0">
			<Anchors><Anchor point="LEFT" relativeTo="GLOCK_frame">	<Offset><RelDimension x="0.07" y="0.01"/></Offset></Anchor></Anchors>
		</FontString>
		<FontString name="GLOCK_FireR" inherits="GameFontNormal" text="0">
			<Anchors><Anchor point="LEFT" relativeTo="GLOCK_frame">	<Offset><RelDimension x="0.07" y="0.0"/></Offset></Anchor></Anchors>
		</FontString>
		<FontString name="GLOCK_NatureR" inherits="GameFontNormal" text="0">
			<Anchors><Anchor point="LEFT" relativeTo="GLOCK_frame">	<Offset><RelDimension x="0.07" y="-0.01"/></Offset></Anchor></Anchors>
		</FontString>
		<FontString name="GLOCK_FrostR" inherits="GameFontNormal" text="0">
			<Anchors><Anchor point="LEFT" relativeTo="GLOCK_frame">	<Offset><RelDimension x="0.07" y="-0.02"/></Offset></Anchor></Anchors>
		</FontString>
		<FontString name="GLOCK_ShadowR" inherits="GameFontNormal" text="0">
			<Anchors><Anchor point="LEFT" relativeTo="GLOCK_frame">	<Offset><RelDimension x="0.07" y="-0.03"/></Offset></Anchor></Anchors>
		</FontString>

		<Texture name="GMaxActivity" setAllPoints="true">
			<Color r="1" g="1" b="1" a=".6" /> 
			<Size><AbsDimension x="8" y="8"/></Size>
			<Anchors><Anchor point="TOPRIGHT"><Offset><AbsDimension x="-5" y="-19"/></Offset></Anchor></Anchors>
		</Texture>
		</Layer>
	</Layers>

	<Frames>
                <Button name="GLOCK_B1" inherits="UIPanelButtonTemplate" text="x" id="4">
                 <Size>
                   <AbsDimension x="12" y="12"/>
                 </Size>
                 <Anchors>
                          <Anchor point="TOPLEFT" relativeTo="GLOCK_frame">
				<Offset><AbsDimension x="6" y="-33"/></Offset></Anchor>
                 </Anchors>
		<Scripts>
	                <OnClick> 
				GLOCK_CONFTXT:SetText(GLOCK_Target_Level.." - "..GLOCK_Target_Name)
				GLOCK_confirm:Show() 
			</OnClick>	
		 	<OnEnter>
				GameTooltip:SetOwner(this, "ANCHOR_LEFT")
				GameTooltip:SetText("Reset this entry\n(Select Schools)")
				
			</OnEnter>
			<OnLeave>
				GameTooltip:Hide();
			</OnLeave>
		</Scripts>
                </Button>


                <Button name="GLOCK_BMin" inherits="UIPanelButtonTemplate" text="-" id="4">
                 <Size>
                   <AbsDimension x="12" y="12"/>
                 </Size>
                 <Anchors>
                          <Anchor point="TOPRIGHT" relativeTo="GLOCK_frame">
				<Offset><AbsDimension x="-3" y="-3"/></Offset></Anchor>
                 </Anchors>
		<Scripts>
	                <OnClick> 
				GLOCK_minimize:Show()
				GLOCK_frame:Hide()
				MobResistDB["UISTATE"]="MINIMIZED"
			</OnClick>	
		 	<OnEnter>
				GameTooltip:SetOwner(this, "ANCHOR_LEFT")
				GameTooltip:SetText("Minimize GLOCK")
			</OnEnter>
			<OnLeave>
				GameTooltip:Hide();
			</OnLeave>
		</Scripts>
		
                </Button>


        </Frames>



	<Scripts>
		<OnLoad>
			GMaxActivity:SetVertexColor(1,0,0)
			GLOCK_ShadowVulnT:SetTextColor(.9,.7,.9)
			GLOCK_ArcaneVulnT:SetTextColor(.9,.9,.7)
			GLOCK_FrostVulnT:SetTextColor(1,1,1)
			GLOCK_FireVulnT:SetTextColor(.9,.5,.4)
			GLOCK_NatureVulnT:SetTextColor(.4,1,.4)
			GLOCK_YourHitT:SetTextColor(1,1,0)

			GLOCK_ShadowR:SetTextColor(.9,.7,.9)
			GLOCK_ArcaneR:SetTextColor(.9,.9,.7)
			GLOCK_FrostR:SetTextColor(1,1,1)
			GLOCK_FireR:SetTextColor(.9,.5,.4)
			GLOCK_NatureR:SetTextColor(.4,1,.4)
			
			GLOCK_ShadowH:SetTextColor(.9,.7,.9)
			GLOCK_ArcaneH:SetTextColor(.9,.9,.7)
			GLOCK_FrostH:SetTextColor(1,1,1)
			GLOCK_FireH:SetTextColor(.9,.5,.4)
			GLOCK_NatureH:SetTextColor(.4,1,.4)

			GLOCK_ShadowVuln:SetTextColor(.9,.7,.9)
			GLOCK_ArcaneVuln:SetTextColor(.9,.9,.7)
			GLOCK_FrostVuln:SetTextColor(1,1,1)
			GLOCK_FireVuln:SetTextColor(.9,.5,.4)
			GLOCK_NatureVuln:SetTextColor(.4,1,.4)

			GLOCK_ShadowM:SetTextColor(.9,.7,.9)
			GLOCK_ArcaneM:SetTextColor(.9,.9,.7)
			GLOCK_FrostM:SetTextColor(1,1,1)
			GLOCK_FireM:SetTextColor(.9,.5,.4)
			GLOCK_NatureM:SetTextColor(.4,1,.4)
	
			GLOCK_YourRT:SetTextColor(1,1,0)
			GLOCK_CastT:SetTextColor(1,1,0)
			GLOCK_MissT:SetTextColor(1,1,0)
			GLOCK_HitP:SetTextColor(1,1,1)

			GLOCK_frame:SetBackdropBorderColor(0,0,0,.2)
			GLOCK_frame:SetBackdropColor(0,0,0,.5)
		</OnLoad>
		<OnMouseDown>
				this:StartMoving();
		</OnMouseDown>
		<OnMouseUp>
			this:StopMovingOrSizing();
		</OnMouseUp>
		<OnUpdate>
			GLOCK_chatStatus();
		</OnUpdate>
		
	</Scripts>

	

</Frame>

<Frame name="GLOCK_confirm" frameStrata="TOP" toplevel="true" enableMouse="true" parent="UIParent" hidden="true">
	<Size>
		<AbsDimension x="300" y="100"/>
	</Size>
	<Anchors>
		<Anchor point="Center"/>
	</Anchors>
  <Backdrop bgFile="Interface\TutorialFrame\TutorialFrameBackground" edgeFile="Interface\DialogFrame\UI-DialogBox-Border" tile="true">
	<EdgeSize>
		<AbsValue val="16"/>
	</EdgeSize>
	<TileSize>
		<AbsValue val="32"/>
	</TileSize>
	<BackgroundInsets>
		<AbsInset left="5" right="5" top="5" bottom="5"/>
	</BackgroundInsets>
  </Backdrop>

	
	<Frames>
		<CheckButton name="GLOCK_confirm_Arcane" inherits="UICheckButtonTemplate" id="16" text="Arcane" checked="true">
                        <Size><AbsDimension x="20" y="20"/></Size>
                        <Anchors><Anchor point="TOPLEFT"><Offset><AbsDimension x="20" y="-34"/></Offset></Anchor></Anchors>      
                </CheckButton>
		<CheckButton name="GLOCK_confirm_Fire" inherits="UICheckButtonTemplate" id="16" text="Fire" checked="true">
                        <Size><AbsDimension x="20" y="20"/></Size>
                        <Anchors><Anchor point="TOPLEFT"><Offset><AbsDimension x="20" y="-50"/></Offset></Anchor></Anchors>      
                </CheckButton>
		<CheckButton name="GLOCK_confirm_Frost" inherits="UICheckButtonTemplate" id="16" text="Frost" checked="true">
			<Size><AbsDimension x="20" y="20"/></Size>
			<Anchors><Anchor point="TOPLEFT"><Offset><AbsDimension x="110" y="-34"/></Offset></Anchor></Anchors>      
                </CheckButton>
		<CheckButton name="GLOCK_confirm_Nature" inherits="UICheckButtonTemplate" id="16" text="Nature" checked="true">
                        <Size><AbsDimension x="20" y="20"/></Size>
                        <Anchors><Anchor point="TOPLEFT"><Offset><AbsDimension x="110" y="-50"/></Offset></Anchor></Anchors>      
                </CheckButton>
		<CheckButton name="GLOCK_confirm_Shadow" inherits="UICheckButtonTemplate" id="16" text="Shadow" checked="true">
                        <Size><AbsDimension x="20" y="20"/></Size>
                        <Anchors><Anchor point="TOPLEFT"><Offset><AbsDimension x="200" y="-34"/></Offset></Anchor></Anchors>      
                </CheckButton>

                <Button name="GLOCK_CYes" inherits="UIPanelButtonTemplate" text="Yes" id="4">
                 <Size><AbsDimension x="100" y="20"/></Size>
                 <Anchors><Anchor point="CENTER" relativeTo="GLOCK_confirm"><Offset><AbsDimension x="-75" y="-27"/></Offset></Anchor></Anchors>
                 <Scripts>
                 <OnClick>GLOCK_ClearEntry(); GLSinitIndex=1 GLOCK_DBSearch()</OnClick>
                 </Scripts>
                </Button>

                <Button name="GLOCK_CNo" inherits="UIPanelButtonTemplate" text="No" id="4">
                 <Size><AbsDimension x="100" y="20"/></Size>
                 <Anchors><Anchor point="CENTER" relativeTo="GLOCK_confirm"><Offset><AbsDimension x="75" y="-27"/></Offset></Anchor></Anchors>
                 <Scripts>
                 <OnClick>GLOCK_confirm:Hide()</OnClick>
                 </Scripts>
                </Button>
        </Frames>

	<Layers>
		<Layer level="ARTWORK">
		<Fontstring name="GLOCK_ConfStaticText" inherits="GameFontNormal" text="Clear Database Entry:">
			<Anchors><Anchor point="TOP" relativeTo="GLOCK_confirm"><Offset><AbsDimension x="0" y="-10"/></Offset></Anchor></Anchors>
		</Fontstring>
		<Fontstring name="GLOCK_CONFTXT" inherits="GameFontNormal" text="">
			<Anchors><Anchor point="TOP" relativeTo="GLOCK_confirm"><Offset><AbsDimension x="0" y="-22"/></Offset></Anchor></Anchors>
		</Fontstring>
		<Fontstring name="GLOCK_confirm_ArcaneText" inherits="GameFontNormal" text="Arcane">
			<Anchors><Anchor point="TOPLEFT" relativeTo="GLOCK_confirm"><Offset><AbsDimension x="40" y="-37"/></Offset></Anchor></Anchors>
		</Fontstring>
		<Fontstring name="GLOCK_confirm_FireText" inherits="GameFontNormal" text="Fire">
			<Anchors><Anchor point="TOPLEFT" relativeTo="GLOCK_confirm"><Offset><AbsDimension x="40" y="-53"/></Offset></Anchor></Anchors>
		</Fontstring>
		<Fontstring name="GLOCK_confirm_FrostText" inherits="GameFontNormal" text="Frost">
			<Anchors><Anchor point="TOPLEFT" relativeTo="GLOCK_confirm"><Offset><AbsDimension x="130" y="-37"/></Offset></Anchor></Anchors>
		</Fontstring>
		<Fontstring name="GLOCK_confirm_NatureText" inherits="GameFontNormal" text="Nature">
			<Anchors><Anchor point="TOPLEFT" relativeTo="GLOCK_confirm"><Offset><AbsDimension x="130" y="-53"/></Offset></Anchor></Anchors>
		</Fontstring>
		<Fontstring name="GLOCK_confirm_ShadowText" inherits="GameFontNormal" text="Shadow">
			<Anchors><Anchor point="TOPLEFT" relativeTo="GLOCK_confirm"><Offset><AbsDimension x="220" y="-37"/></Offset></Anchor></Anchors>
		</Fontstring>

	</Layer></Layers>
	<Scripts>
		<OnLoad>
			GLOCK_confirm_ArcaneText:SetTextColor(.9,.9,.7)
			GLOCK_confirm_FireText:SetTextColor(.9,.5,.4)
			GLOCK_confirm_FrostText:SetTextColor(1,1,1)
			GLOCK_confirm_NatureText:SetTextColor(.4,1,.4)
			GLOCK_confirm_ShadowText:SetTextColor(.9,.7,.9)
		</OnLoad>
	</Scripts>

 
</Frame>

<Frame name="GLOCK_minimize" parent="UIParent" frameStrata="BACKGROUND" enableMouse="true" hidden="true" movable="true">
		<Size>
			<AbsDimension x="40" y="97"/>
		</Size>
		<Anchors>
			<Anchor point="CENTER" relativeTo="UIParent">
				<Offset>
					<AbsDimension x="0" y="0"/>
				</Offset>
			</Anchor>
		</Anchors>
		<Layers>
		<Layer level="ARTWORK">
			<Texture name="GMinArcane" file="Interface\PaperDollInfoFrame\UI-Character-ResistanceIcons">
				<Size><AbsDimension x="20" y="19"/></Size>
				<Anchors><Anchor point="TOPLEFT"><Offset><AbsDimension x="0" y="0"/></Offset></Anchor></Anchors>
			</Texture>
			<Fontstring name="GMinArcaneTxT" inherits="GameFontNormal" text="">
				<Anchors><Anchor point="CENTER" relativeTo="GMinArcane"><Offset><AbsDimension x="20" y="0"/></Offset></Anchor></Anchors></Fontstring>

			<Texture name="GMinFire" file="Interface\PaperDollInfoFrame\UI-Character-ResistanceIcons">
				<Size><AbsDimension x="20" y="19"/></Size>
				<Anchors><Anchor point="TOPLEFT"><Offset><AbsDimension x="0" y="-18"/></Offset></Anchor></Anchors>
			</Texture>
			<Fontstring name="GMinFireTxT" inherits="GameFontNormal" text="">
				<Anchors><Anchor point="CENTER" relativeTo="GMinFire"><Offset><AbsDimension x="20" y="1"/></Offset></Anchor></Anchors></Fontstring>

			<Texture name="GMinFrost" file="Interface\PaperDollInfoFrame\UI-Character-ResistanceIcons">
				<Size><AbsDimension x="20" y="19"/></Size>
				<Anchors><Anchor point="TOPLEFT"><Offset><AbsDimension x="0" y="-34"/></Offset></Anchor></Anchors>
			</Texture>
			<Fontstring name="GMinFrostTxT" inherits="GameFontNormal" text="">
				<Anchors><Anchor point="CENTER" relativeTo="GMinFrost"><Offset><AbsDimension x="20" y="0"/></Offset></Anchor></Anchors></Fontstring>

			<Texture name="GMinNature" file="Interface\PaperDollInfoFrame\UI-Character-ResistanceIcons">
				<Size><AbsDimension x="20" y="19"/></Size>
				<Anchors><Anchor point="TOPLEFT"><Offset><AbsDimension x="0" y="-52"/></Offset></Anchor></Anchors>
			</Texture>
			<Fontstring name="GMinNatureTxT" inherits="GameFontNormal" text="">
				<Anchors><Anchor point="CENTER" relativeTo="GMinNature"><Offset><AbsDimension x="20" y="0"/></Offset></Anchor></Anchors></Fontstring>

			<Texture name="GMinShadow" file="Interface\PaperDollInfoFrame\UI-Character-ResistanceIcons">
				<Size><AbsDimension x="20" y="19"/></Size>
				<Anchors><Anchor point="TOPLEFT"><Offset><AbsDimension x="0" y="-68"/></Offset></Anchor></Anchors>
			</Texture>
			<Fontstring name="GMinShadowTxT" inherits="GameFontNormal" text="">
				<Anchors><Anchor point="CENTER" relativeTo="GMinShadow"><Offset><AbsDimension x="20" y="0"/></Offset></Anchor></Anchors></Fontstring>

			<Texture name="GMinActivity" setAllPoints="true">
			          <Color r="1" g="1" b="1" a=".6" /> 
				<Size><AbsDimension x="8" y="8"/></Size>
				<Anchors><Anchor point="BOTTOMLEFT"><Offset><AbsDimension x="15" y="1"/></Offset></Anchor></Anchors>
			</Texture>
		</Layer></Layers>
		<Frames>
			<Button name="GLOCK_BMinB" inherits="UIPanelButtonTemplate" text="+" id="4">
	                 <Size>
	                   <AbsDimension x="12" y="12"/>
	                 </Size>
	                 <Anchors>
	                          <Anchor point="BOTTOMLEFT" relativeTo="GLOCK_minimize">
					<Offset><AbsDimension x="2" y="0"/></Offset></Anchor>
	                 </Anchors>
			<Scripts>
		                <OnClick>
					GLOCK_minimize:Hide()
					GLOCK_frame:Show()
					MobResistDB["UISTATE"]="MAXIMIZED"
				</OnClick>	
			 	<OnEnter>
					GameTooltip:SetOwner(this, "ANCHOR_LEFT")
					GameTooltip:SetText("GLOCK Details")
				</OnEnter>
				<OnLeave>
					GameTooltip:Hide();
				</OnLeave>
			</Scripts>
		
        	        </Button>
		</Frames>

		<Scripts>
		<OnLoad>
			GMinActivity:SetVertexColor(1,0,0)
			GMinArcane:SetTexCoord(0,1,.345,.23);
			GMinFire:SetTexCoord(0,1,.115,0);
			GMinFrost:SetTexCoord(0,1,.46,.345);
			GMinNature:SetTexCoord(0,1,.23,.115);
			GMinShadow:SetTexCoord(0,1,.575,.46);
			for i=1,5 do
				getglobal("GMin"..GLOCK_schools[i].."TxT"):SetJustifyH("LEFT")
			end

		</OnLoad>
			<OnMouseDown>
				this:StartMoving();
			</OnMouseDown>
			<OnMouseUp>
				this:StopMovingOrSizing();
			</OnMouseUp>
			<OnUpdate>
				GLOCK_chatStatus();
			</OnUpdate>			
		</Scripts>
</Frame>


<Frame name="GLOCK_config" parent="UIParent" frameStrata="TOP" enableMouse="true" hidden="true" movable="true">
		<Size><AbsDimension x="500" y="150"/></Size>
		<Anchors><Anchor point="CENTER"/></Anchors>
		<Backdrop bgFile="Interface\DialogFrame\UI-DialogBox-Background" edgeFile="Interface\DialogFrame\UI-DialogBox-Border" tile="true">
			<BackgroundInsets><AbsInset left="8" right="9" top="9" bottom="8"/></BackgroundInsets>
			<TileSize><AbsValue val="32"/></TileSize>
			<EdgeSize><AbsValue val="24"/></EdgeSize>
		</Backdrop>
		<Layers>
			<Layer level="ARTWORK">
				<Texture name="GLOCK_config_header" file="Interface\DialogFrame\UI-DialogBox-Header">
					<Size><AbsDimension x="320" y="64"/></Size>
						<Anchors><Anchor point="TOP"><Offset><AbsDimension x="0" y="12"/></Offset></Anchor></Anchors></Texture>
				<FontString inherits="GameFontNormal" text="GLOCK Options">
					<Anchors><Anchor point="TOP" relativePoint="TOP" relativeTo="GLOCK_config_header">
						<Offset><AbsDimension x="0" y="-14"/></Offset></Anchor></Anchors></FontString>

				<FontString name="GLOCK_config_Visible_Text" inherits="GameFontNormal" text="Visible">
					<Anchors><Anchor point="TOPLEFT"><Offset><AbsDimension x="48" y="-35"/></Offset></Anchor></Anchors></FontString>
				<FontString name="GLOCK_config_pvp_Text" inherits="GameFontNormal" text="Enable PvP Targets">
					<Anchors><Anchor point="LEFT" relativePoint="RIGHT" relativeTo="GLOCK_config_Visible_Text">
						<Offset><AbsDimension x="40" y="0"/></Offset></Anchor></Anchors></FontString>

				<FontString name="GLOCK_config_LinkOnLoad_Text" inherits="GameFontNormal" text="Auto-Link (OnLoad and CTRA)">
					<Anchors><Anchor point="LEFT" relativePoint="RIGHT" relativeTo="GLOCK_config_pvp_Text">
						<Offset><AbsDimension x="40" y="0"/></Offset></Anchor></Anchors></FontString>
				<FontString name="GLOCK_config_SEARCH_Text" inherits="GameFontNormal" text="Search">
					<Anchors><Anchor point="LEFT" relativePoint="RIGHT" relativeTo="GLOCK_config_LinkOnLoad_Text">
						<Offset><AbsDimension x="-50" y="-90"/></Offset></Anchor></Anchors></FontString>
				<FontString name="GLOCK_config_Scale_text" inherits="GameFontNormal" text="Scale (Detailed)">
					<Anchors><Anchor point="LEFT" relativePoint="RIGHT" relativeTo="GLOCK_config_LinkOnLoad_Text">
						<Offset><AbsDimension x="-340" y="-90"/></Offset></Anchor></Anchors></FontString>
			</Layer>

		</Layers>

		<Frames>
			<Button name="GLOCK_config_CloseButton">
				<Anchors><Anchor point="TOPRIGHT" relativePoint="TOPRIGHT">
					<Offset><AbsDimension x="-2" y="-2"/></Offset></Anchor></Anchors>
				<Size><AbsDimension x="32" y="32"/></Size>
				<Scripts><OnClick>this:GetParent():Hide();</OnClick></Scripts>
				<NormalTexture file="Interface\Buttons\UI-Panel-MinimizeButton-Up"/>
				<PushedTexture file="Interface\Buttons\UI-Panel-MinimizeButton-Down"/>
				<HighlightTexture file="Interface\Buttons\UI-Panel-MinimizeButton-Highlight" alphaMode="ADD"/></Button>

			<CheckButton name="GLOCK_config_Visible_CheckBox" hidden="false" inherits="OptionsCheckButtonTemplate" checked="true">
				<HitRectInsets><AbsInset left="0" right="0" top="0" bottom="0"/></HitRectInsets>
				<Anchors><Anchor point="RIGHT" relativeTo="GLOCK_config_Visible_Text" relativePoint="LEFT">
					<Offset><AbsDimension x="-2" y="0"/></Offset></Anchor></Anchors>
				<Size><AbsDimension x="24" y="24"/></Size>
				<Scripts><OnClick>
					GLOCK_Config["VISIBLE"]=this:GetChecked()
					GLOCK_UpdateGUI()					
				</OnClick></Scripts></CheckButton>
	
			<CheckButton name="GLOCK_config_pvp_CheckBox" hidden="false" inherits="OptionsCheckButtonTemplate" checked="true">
				<HitRectInsets><AbsInset left="0" right="0" top="0" bottom="0"/></HitRectInsets>
				<Anchors><Anchor point="RIGHT" relativeTo="GLOCK_config_pvp_Text" relativePoint="LEFT">
					<Offset><AbsDimension x="-2" y="0"/></Offset></Anchor></Anchors>
				<Size><AbsDimension x="24" y="24"/></Size>
				<Scripts><OnClick>
						GLOCK_Config["PVP"]=this:GetChecked()
						GLOCK_scanTarget()
				</OnClick></Scripts></CheckButton>

			
			<CheckButton name="GLOCK_config_LinkOnLoad_CheckBox" hidden="false" inherits="OptionsCheckButtonTemplate" checked="false">
				<HitRectInsets><AbsInset left="0" right="0" top="0" bottom="0"/></HitRectInsets>
				<Anchors><Anchor point="RIGHT" relativeTo="GLOCK_config_LinkOnLoad_Text" relativePoint="LEFT">
					<Offset><AbsDimension x="-2" y="0"/></Offset></Anchor></Anchors>
				<Size><AbsDimension x="24" y="24"/></Size>
				<Scripts><OnClick>
					GLOCK_Config["AUTOLINK"]=this:GetChecked()
				</OnClick></Scripts></CheckButton>

			<CheckButton name="GLOCK_config_SEARCH_CheckBox" hidden="false" inherits="OptionsCheckButtonTemplate" checked="false">
				<Anchors><Anchor point="RIGHT" relativeTo="GLOCK_config_SEARCH_Text" relativePoint="LEFT">
					<Offset><AbsDimension x="-2" y="0"/></Offset></Anchor></Anchors>
				<Size><AbsDimension x="24" y="24"/></Size>
				<Scripts><OnClick>						
						if this:GetChecked() then
							GLOCK_Level_InputBox:Show()
							GLOCK_Name_InputBox:Show()
							GLOCK_Name_InputBox:SetFocus()
							GLOCK_config_SearchName_Text:Show()
							GLOCK_config_SearchLevel_Text:Show()
							GLOCKSearch_ScrollFrame:Show()
							GLOCK_config:SetHeight(300)
							GLOCK_Name_InputBox:SetFocus()
						else
							GLOCK_Level_InputBox:Hide()
							GLOCK_Name_InputBox:Hide()
							GLOCK_config_SearchName_Text:Hide()
							GLOCK_config_SearchLevel_Text:Hide()
							GLOCKSearch_ScrollFrame:Hide()
							for i=1,9 do getglobal("GLOCKSearch_B"..i):Hide() end
							for i=1,9 do getglobal("GLOCKSearch_Text"..i):SetText("") end
							GLOCK_config:SetHeight(150)
						end
				</OnClick></Scripts></CheckButton>

<Slider name="GLOCK_scaleSlider" enableMouse="true" minValue="10" maxValue="100" defaultValue="100" valueStep="2" orientation="HORIZONTAL">
	<Size><AbsDimension x="100" y="17" /></Size>
        <Anchors><Anchor point="RIGHT" relativeTo="GLOCK_config_Scale_text">
            <Offset><AbsDimension x="-105" y="0" /></Offset></Anchor></Anchors>
        <Backdrop bgFile="Interface\Buttons\UI-SliderBar-Background" edgeFile="Interface\Buttons\UI-SliderBar-Border" tile="true">
          <BackgroundInsets><AbsInset left="3" right="3" top="6" bottom="6" /></BackgroundInsets>
          <TileSize><AbsValue val="8" /></TileSize>
          <EdgeSize><AbsValue val="8" /></EdgeSize></Backdrop>
        <HitRectInsets><AbsInset left="0" right="0" top="-10" bottom="-10" /></HitRectInsets>
        <Scripts>
		<OnValueChanged>

		</OnValueChanged>
        </Scripts>
        <ThumbTexture name="$parentThumb" file="Interface\Buttons\UI-SliderBar-Button-Horizontal">
          <Size><AbsDimension x="32" y="32" /></Size></ThumbTexture>
      </Slider>

<!--SEARCH BUTTONS-->
		<Frame name="GLOCKSearch_ScrollFrame" virtual="UIPanelScrollFrameTemplate">
				<Size><AbsDimension x="240" y="130"/></Size> 
	                        <Anchors><Anchor point="TOPLEFT" relativeTo="GLOCK_config"><Offset><AbsDimension x="225" y="-150"/></Offset></Anchor></Anchors>
				<Layers>
				<Layer level="BACKGROUND"> 
                                	<Texture name="$parent_Background" setAllPoints="true"><Color r=".1" g=".1" b=".15" a="1" /></Texture>
				</Layer>
                                <Layer level="ARTWORK">
				<FontString name="GLOCKSearch_Text1" inherits="GameFontNormalSmall" text="">
					<Anchors><Anchor point="TOPLEFT" relativeTo="GLOCKSearch_ScrollFrame">
					<Offset><AbsDimension x="20" y="0"/></Offset></Anchor></Anchors></FontString>
				<FontString name="GLOCKSearch_Text2" inherits="GameFontNormalSmall" text="">
					<Anchors><Anchor point="TOPLEFT" relativeTo="GLOCKSearch_ScrollFrame">
					<Offset><AbsDimension x="20" y="-15"/></Offset></Anchor></Anchors></FontString>
				<FontString name="GLOCKSearch_Text3" inherits="GameFontNormalSmall" text="">
					<Anchors><Anchor point="TOPLEFT" relativeTo="GLOCKSearch_ScrollFrame">
					<Offset><AbsDimension x="20" y="-30"/></Offset></Anchor></Anchors></FontString>
				<FontString name="GLOCKSearch_Text4" inherits="GameFontNormalSmall" text="">
					<Anchors><Anchor point="TOPLEFT" relativeTo="GLOCKSearch_ScrollFrame">
					<Offset><AbsDimension x="20" y="-45"/></Offset></Anchor></Anchors></FontString>
				<FontString name="GLOCKSearch_Text5" inherits="GameFontNormalSmall" text="">
					<Anchors><Anchor point="TOPLEFT" relativeTo="GLOCKSearch_ScrollFrame">
					<Offset><AbsDimension x="20" y="-60"/></Offset></Anchor></Anchors></FontString>
				<FontString name="GLOCKSearch_Text6" inherits="GameFontNormalSmall" text="">
					<Anchors><Anchor point="TOPLEFT" relativeTo="GLOCKSearch_ScrollFrame">
					<Offset><AbsDimension x="20" y="-75"/></Offset></Anchor></Anchors></FontString>
				<FontString name="GLOCKSearch_Text7" inherits="GameFontNormalSmall" text="">
					<Anchors><Anchor point="TOPLEFT" relativeTo="GLOCKSearch_ScrollFrame">
					<Offset><AbsDimension x="20" y="-90"/></Offset></Anchor></Anchors></FontString>
				<FontString name="GLOCKSearch_Text8" inherits="GameFontNormalSmall" text="">
					<Anchors><Anchor point="TOPLEFT" relativeTo="GLOCKSearch_ScrollFrame">
					<Offset><AbsDimension x="20" y="-105"/></Offset></Anchor></Anchors></FontString>
				<FontString name="GLOCKSearch_Text9" inherits="GameFontNormalSmall" text="">
					<Anchors><Anchor point="TOPLEFT" relativeTo="GLOCKSearch_ScrollFrame">
					<Offset><AbsDimension x="20" y="-120"/></Offset></Anchor></Anchors></FontString>





		<Fontstring  name="GLOCKSEARCH_TName" inherits="GameFontNormal" text="">
			<Anchors><Anchor point="TOP" relativeTo="GLOCKSearch_ScrollFrame"><Offset><AbsDimension x="0" y="-5"/></Offset></Anchor></Anchors>
		</Fontstring>

		<Fontstring  name="GLOCKSEARCH_Tlvl" inherits="GameFontNormal" text=" ">
			<Anchors><Anchor point="TOPRIGHT" relativeTo="GLOCKSearch_ScrollFrame"><Offset><AbsDimension x="-5" y="-17"/></Offset></Anchor></Anchors>
		</Fontstring>

		<Fontstring  name="GLOCKSEARCH_ArcaneVulnT" inherits="GameFontNormal" text="A: ">
			<Anchors><Anchor point="LEFT" relativeTo="GLOCKSearch_ScrollFrame"/></Anchors>
		</Fontstring>
		<Fontstring  name="GLOCKSEARCH_FireVulnT" inherits="GameFontNormal" text="Fi: ">
			<Anchors><Anchor point="LEFT" relativeTo="GLOCKSearch_ScrollFrame"/></Anchors>
		</Fontstring>
		<Fontstring  name="GLOCKSEARCH_FrostVulnT" inherits="GameFontNormal" text="Fr: ">
			<Anchors><Anchor point="LEFT" relativeTo="GLOCKSearch_ScrollFrame"/></Anchors>
		</Fontstring>
		<Fontstring  name="GLOCKSEARCH_NatureVulnT" inherits="GameFontNormal" text="N: ">
			<Anchors><Anchor point="LEFT" relativeTo="GLOCKSearch_ScrollFrame"/></Anchors>
		</Fontstring>
		<Fontstring  name="GLOCKSEARCH_ShadowVulnT" inherits="GameFontNormal" text="S: ">
			<Anchors><Anchor point="LEFT" relativeTo="GLOCKSearch_ScrollFrame"/></Anchors>
		</Fontstring>

		<Fontstring  name="GLOCKSEARCH_YourHitT" inherits="GameFontNormal" text="Vuln">
			<Anchors><Anchor point="TOPLEFT" relativeTo="GLOCKSearch_ScrollFrame"><Offset><AbsDimension x="20" y="-33"/></Offset></Anchor></Anchors>
		</Fontstring>
		<Fontstring  name="GLOCKSEARCH_ArcaneVuln" inherits="GameFontNormal" text="0">
			<Anchors><Anchor point="LEFT" relativeTo="GLOCKSearch_ScrollFrame"/></Anchors>
		</Fontstring>
		<Fontstring  name="GLOCKSEARCH_FireVuln" inherits="GameFontNormal" text="0">
			<Anchors><Anchor point="LEFT" relativeTo="GLOCKSearch_ScrollFrame"/></Anchors>
		</Fontstring>
		<Fontstring  name="GLOCKSEARCH_FrostVuln" inherits="GameFontNormal" text="0">
			<Anchors><Anchor point="LEFT" relativeTo="GLOCKSearch_ScrollFrame"/></Anchors>
		</Fontstring>
		<Fontstring  name="GLOCKSEARCH_NatureVuln" inherits="GameFontNormal" text="0">
			<Anchors><Anchor point="LEFT" relativeTo="GLOCKSearch_ScrollFrame"/></Anchors>
		</Fontstring>
		<Fontstring  name="GLOCKSEARCH_ShadowVuln" inherits="GameFontNormal" text="0">
			<Anchors><Anchor point="LEFT" relativeTo="GLOCKSearch_ScrollFrame"/></Anchors>
		</Fontstring>

		<Fontstring  name="GLOCKSEARCH_CastT" inherits="GameFontNormal" text="Casts">
			<Anchors><Anchor point="TOPLEFT" relativeTo="GLOCKSearch_ScrollFrame"><Offset><AbsDimension x="65" y="-33"/></Offset></Anchor></Anchors>
		</Fontstring>
		<Fontstring  name="GLOCKSEARCH_ArcaneH" inherits="GameFontNormal" text="0">
			<Anchors><Anchor point="LEFT" relativeTo="GLOCKSearch_ScrollFrame"/></Anchors>
		</Fontstring>
		<Fontstring  name="GLOCKSEARCH_FireH" inherits="GameFontNormal" text="0">
			<Anchors><Anchor point="LEFT" relativeTo="GLOCKSearch_ScrollFrame"/></Anchors>
		</Fontstring>
		<Fontstring  name="GLOCKSEARCH_FrostH" inherits="GameFontNormal" text="0">
			<Anchors><Anchor point="LEFT" relativeTo="GLOCKSearch_ScrollFrame"/></Anchors>
		</Fontstring>
		<Fontstring  name="GLOCKSEARCH_NatureH" inherits="GameFontNormal" text="0">
			<Anchors><Anchor point="LEFT" relativeTo="GLOCKSearch_ScrollFrame"/></Anchors>
		</Fontstring>
		<Fontstring  name="GLOCKSEARCH_ShadowH" inherits="GameFontNormal" text="0">
			<Anchors><Anchor point="LEFT" relativeTo="GLOCKSearch_ScrollFrame"/></Anchors>
		</Fontstring>

		<Fontstring  name="GLOCKSEARCH_MissT" inherits="GameFontNormal" text="Hit%">
			<Anchors><Anchor point="TOPLEFT" relativeTo="GLOCKSearch_ScrollFrame"><Offset><AbsDimension x="120" y="-33"/></Offset></Anchor></Anchors>
		</Fontstring>
		<Fontstring  name="GLOCKSEARCH_ArcaneM" inherits="GameFontNormal" text="0">
			<Anchors><Anchor point="LEFT" relativeTo="GLOCKSearch_ScrollFrame"/></Anchors>
		</Fontstring>
		<Fontstring  name="GLOCKSEARCH_FireM" inherits="GameFontNormal" text="0">
			<Anchors><Anchor point="LEFT" relativeTo="GLOCKSearch_ScrollFrame"/></Anchors>
		</Fontstring>
		<Fontstring  name="GLOCKSEARCH_FrostM" inherits="GameFontNormal" text="0">
			<Anchors><Anchor point="LEFT" relativeTo="GLOCKSearch_ScrollFrame"/></Anchors>
		</Fontstring>
		<Fontstring  name="GLOCKSEARCH_NatureM" inherits="GameFontNormal" text="0">
			<Anchors><Anchor point="LEFT" relativeTo="GLOCKSearch_ScrollFrame"/></Anchors>
		</Fontstring>
		<Fontstring  name="GLOCKSEARCH_ShadowM" inherits="GameFontNormal" text="0">
			<Anchors><Anchor point="LEFT" relativeTo="GLOCKSearch_ScrollFrame"/></Anchors>
		</Fontstring>

		<Fontstring  name="GLOCKSEARCH_YourRT" inherits="GameFontNormal" text="Resist">
			<Anchors><Anchor point="TOPLEFT" relativeTo="GLOCKSearch_ScrollFrame"><Offset><AbsDimension x="175" y="-33"/></Offset></Anchor></Anchors>
		</Fontstring>
		<Fontstring  name="GLOCKSEARCH_ArcaneR" inherits="GameFontNormal" text="0">
			<Anchors><Anchor point="LEFT" relativeTo="GLOCKSearch_ScrollFrame"/></Anchors>
		</Fontstring>
		<Fontstring  name="GLOCKSEARCH_FireR" inherits="GameFontNormal" text="0">
			<Anchors><Anchor point="LEFT" relativeTo="GLOCKSearch_ScrollFrame"/></Anchors>
		</Fontstring>
		<Fontstring  name="GLOCKSEARCH_FrostR" inherits="GameFontNormal" text="0">
			<Anchors><Anchor point="LEFT" relativeTo="GLOCKSearch_ScrollFrame"/></Anchors>
		</Fontstring>
		<Fontstring  name="GLOCKSEARCH_NatureR" inherits="GameFontNormal" text="0">
			<Anchors><Anchor point="LEFT" relativeTo="GLOCKSearch_ScrollFrame"/></Anchors>
		</Fontstring>
		<Fontstring  name="GLOCKSEARCH_ShadowR" inherits="GameFontNormal" text="0">
			<Anchors><Anchor point="LEFT" relativeTo="GLOCKSearch_ScrollFrame"/></Anchors>
		</Fontstring>

				</Layer></Layers>

		<Frames>
                <Button name="GLOCKSEARCH_clear" inherits="UIPanelButtonTemplate" text="x">
                 <Size><AbsDimension x="12" y="12"/></Size>
                 <Anchors><Anchor point="TOPLEFT"><Offset><AbsDimension x="6" y="-33"/></Offset></Anchor></Anchors>
		<Scripts>
	                <OnClick> 
				GLOCK_CONFTXT:SetText(GLOCK_S_Level.." - "..GLOCK_S_Name)
				GLOCK_confirm:Show() 
			</OnClick>	
		 	<OnEnter>
				GameTooltip:SetOwner(this, "ANCHOR_LEFT")
				GameTooltip:SetText("Clear this entry\n(Select Schools)")
				
			</OnEnter>
			<OnLeave>
				GameTooltip:Hide();
			</OnLeave>
		</Scripts>
                </Button>

                <Button name="GLOCKSEARCH_continue" inherits="UIPanelButtonTemplate" text="Next >">
                 <Size><AbsDimension x="60" y="20"/></Size>
                 <Anchors><Anchor point="BOTTOMRIGHT"><Offset><AbsDimension x="0" y="0"/></Offset></Anchor></Anchors>
		<Scripts>
	                <OnClick> 
				GLOCK_DBSearch()
			</OnClick>	
		</Scripts>
                </Button>
		</Frames>


		</Frame>
		

		<EditBox name="GLOCK_Name_InputBox" inherits="InputBoxTemplate" hidden="true">
				<Size><AbsDimension x="125" y="26"/></Size> 
	                        <Anchors><Anchor point="TOPLEFT"><Offset><AbsDimension x="75" y="-150"/></Offset></Anchor></Anchors>
				<Scripts><OnTextChanged>GLSinitIndex=1 GLOCK_DBSearch()</OnTextChanged><OnEnterPressed>GLSinitIndex=1 GLOCK_DBSearch() this:ClearFocus()</OnEnterPressed>
				<OnEscapePressed>GLOCK_config:Hide()</OnEscapePressed>
				<OnTabPressed>GLOCK_Level_InputBox:SetFocus()</OnTabPressed> </Scripts></EditBox>

		<EditBox name="GLOCK_Level_InputBox" inherits="InputBoxTemplate" hidden="true">
				<Size><AbsDimension x="125" y="26"/></Size> 
				<Anchors><Anchor point="TOPLEFT"><Offset><AbsDimension x="75" y="-190"/></Offset></Anchor></Anchors>
				<Scripts><OnTextChanged>GLSinitIndex=1 GLOCK_DBSearch()</OnTextChanged><OnEnterPressed>GLSinitIndex=1 GLOCK_DBSearch() this:ClearFocus()</OnEnterPressed>
				<OnEscapePressed>GLOCK_config:Hide()</OnEscapePressed>
				<OnTabPressed>GLOCK_Name_InputBox:SetFocus()</OnTabPressed> </Scripts></EditBox>


		<Button name="GLOCKSearch_B1" inherits="UIPanelButtonTemplate" text="">
		                <Size><AbsDimension x="15" y="15"/></Size>
		                <Anchors><Anchor point="TOPLEFT" relativeTo="GLOCKSearch_ScrollFrame"><Offset><AbsDimension x="0" y="0"/></Offset></Anchor></Anchors>
				<Scripts><OnClick>currentDBindex=0 GLOCK_DBSearchDisplay(1)</OnClick></Scripts></Button>
		<Button name="GLOCKSearch_B2" inherits="UIPanelButtonTemplate" text="">
	        	        <Size><AbsDimension x="15" y="15"/></Size>
	                	<Anchors><Anchor point="TOPLEFT" relativeTo="GLOCKSearch_ScrollFrame"><Offset><AbsDimension x="0" y="-15"/></Offset></Anchor></Anchors>
				<Scripts><OnClick>currentDBindex=0 GLOCK_DBSearchDisplay(2)</OnClick></Scripts></Button>
		<Button name="GLOCKSearch_B3" inherits="UIPanelButtonTemplate" text="">
		                <Size><AbsDimension x="15" y="15"/></Size>
		                <Anchors><Anchor point="TOPLEFT" relativeTo="GLOCKSearch_ScrollFrame"><Offset><AbsDimension x="0" y="-30"/></Offset></Anchor></Anchors>
				<Scripts><OnClick>currentDBindex=0 GLOCK_DBSearchDisplay(3)</OnClick></Scripts></Button>
		<Button name="GLOCKSearch_B4" inherits="UIPanelButtonTemplate" text="">
	        	        <Size><AbsDimension x="15" y="15"/></Size>
	                	<Anchors><Anchor point="TOPLEFT" relativeTo="GLOCKSearch_ScrollFrame"><Offset><AbsDimension x="0" y="-45"/></Offset></Anchor></Anchors>
				<Scripts><OnClick>currentDBindex=0 GLOCK_DBSearchDisplay(4)</OnClick></Scripts></Button>
		<Button name="GLOCKSearch_B5" inherits="UIPanelButtonTemplate" text="">
		                <Size><AbsDimension x="15" y="15"/></Size>
		                <Anchors><Anchor point="TOPLEFT" relativeTo="GLOCKSearch_ScrollFrame"><Offset><AbsDimension x="0" y="-60"/></Offset></Anchor></Anchors>
				<Scripts><OnClick>currentDBindex=0 GLOCK_DBSearchDisplay(5)</OnClick></Scripts></Button>
		<Button name="GLOCKSearch_B6" inherits="UIPanelButtonTemplate" text="">
	        	        <Size><AbsDimension x="15" y="15"/></Size>
	                	<Anchors><Anchor point="TOPLEFT" relativeTo="GLOCKSearch_ScrollFrame"><Offset><AbsDimension x="0" y="-75"/></Offset></Anchor></Anchors>
				<Scripts><OnClick>currentDBindex=0 GLOCK_DBSearchDisplay(6)</OnClick></Scripts></Button>
		<Button name="GLOCKSearch_B7" inherits="UIPanelButtonTemplate" text="">
		                <Size><AbsDimension x="15" y="15"/></Size>
		                <Anchors><Anchor point="TOPLEFT" relativeTo="GLOCKSearch_ScrollFrame"><Offset><AbsDimension x="0" y="-90"/></Offset></Anchor></Anchors>
				<Scripts><OnClick>currentDBindex=0 GLOCK_DBSearchDisplay(7)</OnClick></Scripts></Button>
		<Button name="GLOCKSearch_B8" inherits="UIPanelButtonTemplate" text="">
	        	        <Size><AbsDimension x="15" y="15"/></Size>
	                	<Anchors><Anchor point="TOPLEFT" relativeTo="GLOCKSearch_ScrollFrame"><Offset><AbsDimension x="0" y="-105"/></Offset></Anchor></Anchors>
				<Scripts><OnClick>currentDBindex=0 GLOCK_DBSearchDisplay(8)</OnClick></Scripts></Button>
		<Button name="GLOCKSearch_B9" inherits="UIPanelButtonTemplate" text="">
		                <Size><AbsDimension x="15" y="15"/></Size>
		                <Anchors><Anchor point="TOPLEFT" relativeTo="GLOCKSearch_ScrollFrame"><Offset><AbsDimension x="0" y="-120"/></Offset></Anchor></Anchors>
				<Scripts><OnClick>currentDBindex=0 GLOCK_DBSearchDisplay(9)</OnClick></Scripts></Button>


	<Frame name="GLOCK_VCHAT" virtual="UIPanelScrollFrameTemplate">
				<Size><AbsDimension x="430" y="55"/></Size> 
				<Anchors><Anchor point="TOPLEFT" relativeTo="GLOCK_config"><Offset><AbsDimension x="30" y="-60"/></Offset></Anchor></Anchors> 
                
	<Layers><Layer level="BACKGROUND"> 
			<Texture name="$parent_Background" setAllPoints="true"><Color r=".15" g=".15" b=".2" a="1" /></Texture>
		</Layer>

                <Layer level="ARTWORK">
			<FontString name="GLOCKVCHAT_Text1" inherits="GameFontNormalSmall" text=">">
				<Anchors><Anchor point="TOPLEFT" relativeTo="GLOCK_VCHAT">
				<Offset><AbsDimension x="0" y="0"/></Offset></Anchor></Anchors></FontString>
			<FontString name="GLOCKVCHAT_Text2" inherits="GameFontNormalSmall" text=">">
				<Anchors><Anchor point="TOPLEFT" relativeTo="GLOCK_VCHAT">
				<Offset><AbsDimension x="0" y="-15"/></Offset></Anchor></Anchors></FontString>
			<FontString name="GLOCKVCHAT_Text3" inherits="GameFontNormalSmall" text=">">
				<Anchors><Anchor point="TOPLEFT" relativeTo="GLOCK_VCHAT">
				<Offset><AbsDimension x="0" y="-30"/></Offset></Anchor></Anchors></FontString>
			<FontString name="GLOCKVCHAT_Text4" inherits="GameFontNormalSmall" text=">">
				<Anchors><Anchor point="TOPLEFT" relativeTo="GLOCK_VCHAT">
				<Offset><AbsDimension x="0" y="-45"/></Offset></Anchor></Anchors></FontString>


				
	</Layer></Layers></Frame>
		</Frames>
		<Layers>
			<Layer level="ARTWORK">
		<FontString name="GLOCK_config_SearchName_Text" inherits="GameFontNormal" text="Name">
					<Anchors><Anchor point="TOPLEFT">
							<Offset><AbsDimension x="75" y="-140"/></Offset></Anchor></Anchors></FontString>
		<FontString name="GLOCK_config_SearchLevel_Text" inherits="GameFontNormal" text="Level (-1 for Bosses)">
					<Anchors><Anchor point="TOPLEFT">
							<Offset><AbsDimension x="75" y="-180"/></Offset></Anchor></Anchors></FontString>
			</Layer></Layers>
		<Scripts>
			<OnLoad>
				tinsert(UISpecialFrames,"GLOCK_config");
				tinsert(UISpecialFrames,"GLOCK_confirm");
			GLOCKSEARCH_ShadowVulnT:SetTextColor(.9,.7,.9)
			GLOCKSEARCH_ArcaneVulnT:SetTextColor(.9,.9,.7)
			GLOCKSEARCH_FrostVulnT:SetTextColor(1,1,1)
			GLOCKSEARCH_FireVulnT:SetTextColor(.9,.5,.4)
			GLOCKSEARCH_NatureVulnT:SetTextColor(.4,1,.4)
			GLOCKSEARCH_YourHitT:SetTextColor(1,1,0)

			GLOCKSEARCH_ShadowR:SetTextColor(.9,.7,.9)
			GLOCKSEARCH_ArcaneR:SetTextColor(.9,.9,.7)
			GLOCKSEARCH_FrostR:SetTextColor(1,1,1)
			GLOCKSEARCH_FireR:SetTextColor(.9,.5,.4)
			GLOCKSEARCH_NatureR:SetTextColor(.4,1,.4)
			
			GLOCKSEARCH_ShadowH:SetTextColor(.9,.7,.9)
			GLOCKSEARCH_ArcaneH:SetTextColor(.9,.9,.7)
			GLOCKSEARCH_FrostH:SetTextColor(1,1,1)
			GLOCKSEARCH_FireH:SetTextColor(.9,.5,.4)
			GLOCKSEARCH_NatureH:SetTextColor(.4,1,.4)

			GLOCKSEARCH_ShadowVuln:SetTextColor(.9,.7,.9)
			GLOCKSEARCH_ArcaneVuln:SetTextColor(.9,.9,.7)
			GLOCKSEARCH_FrostVuln:SetTextColor(1,1,1)
			GLOCKSEARCH_FireVuln:SetTextColor(.9,.5,.4)
			GLOCKSEARCH_NatureVuln:SetTextColor(.4,1,.4)

			GLOCKSEARCH_ShadowM:SetTextColor(.9,.7,.9)
			GLOCKSEARCH_ArcaneM:SetTextColor(.9,.9,.7)
			GLOCKSEARCH_FrostM:SetTextColor(1,1,1)
			GLOCKSEARCH_FireM:SetTextColor(.9,.5,.4)
			GLOCKSEARCH_NatureM:SetTextColor(.4,1,.4)
	
			GLOCKSEARCH_YourRT:SetTextColor(1,1,0)
			GLOCKSEARCH_CastT:SetTextColor(1,1,0)
			GLOCKSEARCH_MissT:SetTextColor(1,1,0)
			</OnLoad>
			<OnMouseDown>
				this:StartMoving();
			</OnMouseDown>
			<OnMouseUp>
				this:StopMovingOrSizing();
			</OnMouseUp>
		</Scripts>
</Frame>


<GameTooltip name="GLTooltip" inherits="GameTooltipTemplate">
   <Scripts>
     <Onload>
        this:SetOwner(this, "ANCHOR_NONE");
	this:RegisterEvent("VARIABLES_LOADED");
     </Onload>
	<OnEvent>
		GLOCK_OnEvent()
	</OnEvent>
   </Scripts>
 </GameTooltip>
</Ui>